latitude,longitude,valid_time,u10,v10
-66.5,2.0,2026-01-01 00:00:00,7.8057,-2.8041
-66.5,2.5,2026-01-01 00:00:00,7.896,-2.8041
-66.5,3.0,2026-01-01 00:00:00,8.2566,-2.8041
-66.5,3.5,2026-01-01 00:00:00,8.7992,-2.8041
-66.5,4.0,2026-01-01 00:00:00,9.391,-2.8041
-66.5,4.5,2026-01-01 00:00:00,9.887,-2.8041
-66.5,5.0,2026-01-01 00:00:00,10.1659,-2.8041
-66.5,5.5,2026-01-01 00:00:00,10.1593,-2.8041
-66.5,6.0,2026-01-01 00:00:00,9.8689,-2.8041
-66.0,2.0,2026-01-01 00:00:00,7.896,-2.4011
-66.0,2.5,2026-01-01 00:00:00,8.2566,-2.4011
-66.0,3.0,2026-01-01 00:00:00,8.7992,-2.4011
-66.0,3.5,2026-01-01 00:00:00,9.391,-2.4011
-66.0,4.0,2026-01-01 00:00:00,9.887,-2.4011
-66.0,4.5,2026-01-01 00:00:00,10.1659,-2.4011
-66.0,5.0,2026-01-01 00:00:00,10.1593,-2.4011
-66.0,5.5,2026-01-01 00:00:00,9.8689,-2.4011
-66.0,6.0,2026-01-01 00:00:00,9.3658,-2.4011
-65.5,2.0,2026-01-01 00:00:00,8.2566,-2.7326
-65.5,2.5,2026-01-01 00:00:00,8.7992,-2.7326
-65.5,3.0,2026-01-01 00:00:00,9.391,-2.7326
-65.5,3.5,2026-01-01 00:00:00,9.887,-2.7326
-65.5,4.0,2026-01-01 00:00:00,10.1659,-2.7326
-65.5,4.5,2026-01-01 00:00:00,10.1593,-2.7326
-65.5,5.0,2026-01-01 00:00:00,9.8689,-2.7326
-65.5,5.5,2026-01-01 00:00:00,9.3658,-2.7326
-65.5,6.0,2026-01-01 00:00:00,8.7731,-2.7326
-65.0,2.0,2026-01-01 00:00:00,8.7992,-3.4938
-65.0,2.5,2026-01-01 00:00:00,9.391,-3.4938
-65.0,3.0,2026-01-01 00:00:00,9.887,-3.4938
-65.0,3.5,2026-01-01 00:00:00,10.1659,-3.4938
-65.0,4.0,2026-01-01 00:00:00,10.1593,-3.4938
-65.0,4.5,2026-01-01 00:00:00,9.8689,-3.4938
-65.0,5.0,2026-01-01 00:00:00,9.3658,-3.4938
-65.0,5.5,2026-01-01 00:00:00,8.7731,-3.4938
-65.0,6.0,2026-01-01 00:00:00,8.2359,-3.4938
-64.5,2.0,2026-01-01 00:00:00,9.391,-3.9849
-64.5,2.5,2026-01-01 00:00:00,9.887,-3.9849
-64.5,3.0,2026-01-01 00:00:00,10.1659,-3.9849
-64.5,3.5,2026-01-01 00:00:00,10.1593,-3.9849
-64.5,4.0,2026-01-01 00:00:00,9.8689,-3.9849
-64.5,4.5,2026-01-01 00:00:00,9.3658,-3.9849
-64.5,5.0,2026-01-01 00:00:00,8.7731,-3.9849
-64.5,5.5,2026-01-01 00:00:00,8.2359,-3.9849
-64.5,6.0,2026-01-01 00:00:00,7.8858,-3.9849
-64.0,2.0,2026-01-01 00:00:00,9.887,-3.7543
-64.0,2.5,2026-01-01 00:00:00,10.1659,-3.7543
-64.0,3.0,2026-01-01 00:00:00,10.1593,-3.7543
-64.0,3.5,2026-01-01 00:00:00,9.8689,-3.7543
-64.0,4.0,2026-01-01 00:00:00,9.3658,-3.7543
-64.0,4.5,2026-01-01 00:00:00,8.7731,-3.7543
-64.0,5.0,2026-01-01 00:00:00,8.2359,-3.7543
-64.0,5.5,2026-01-01 00:00:00,7.8858,-3.7543
-64.0,6.0,2026-01-01 00:00:00,7.8086,-3.7543
-63.5,2.0,2026-01-01 00:00:00,10.1659,-3.0141
-63.5,2.5,2026-01-01 00:00:00,10.1593,-3.0141
-63.5,3.0,2026-01-01 00:00:00,9.8689,-3.0141
-63.5,3.5,2026-01-01 00:00:00,9.3658,-3.0141
-63.5,4.0,2026-01-01 00:00:00,8.7731,-3.0141
-63.5,4.5,2026-01-01 00:00:00,8.2359,-3.0141
-63.5,5.0,2026-01-01 00:00:00,7.8858,-3.0141
-63.5,5.5,2026-01-01 00:00:00,7.8086,-3.0141
-63.5,6.0,2026-01-01 00:00:00,8.023,-3.0141
-66.5,2.0,2026-01-01 01:00:00,7.7901,-2.6732
-66.5,2.5,2026-01-01 01:00:00,7.8804,-2.6732
-66.5,3.0,2026-01-01 01:00:00,8.241,-2.6732
-66.5,3.5,2026-01-01 01:00:00,8.7836,-2.6732
-66.5,4.0,2026-01-01 01:00:00,9.3754,-2.6732
-66.5,4.5,2026-01-01 01:00:00,9.8715,-2.6732
-66.5,5.0,2026-01-01 01:00:00,10.1504,-2.6732
-66.5,5.5,2026-01-01 01:00:00,10.1438,-2.6732
-66.5,6.0,2026-01-01 01:00:00,9.8534,-2.6732
-66.0,2.0,2026-01-01 01:00:00,7.8804,-2.2703
-66.0,2.5,2026-01-01 01:00:00,8.241,-2.2703
-66.0,3.0,2026-01-01 01:00:00,8.7836,-2.2703
-66.0,3.5,2026-01-01 01:00:00,9.3754,-2.2703
-66.0,4.0,2026-01-01 01:00:00,9.8715,-2.2703
-66.0,4.5,2026-01-01 01:00:00,10.1504,-2.2703
-66.0,5.0,2026-01-01 01:00:00,10.1438,-2.2703
-66.0,5.5,2026-01-01 01:00:00,9.8534,-2.2703
-66.0,6.0,2026-01-01 01:00:00,9.3502,-2.2703
-65.5,2.0,2026-01-01 01:00:00,8.241,-2.6018
-65.5,2.5,2026-01-01 01:00:00,8.7836,-2.6018
-65.5,3.0,2026-01-01 01:00:00,9.3754,-2.6018
-65.5,3.5,2026-01-01 01:00:00,9.8715,-2.6018
-65.5,4.0,2026-01-01 01:00:00,10.1504,-2.6018
-65.5,4.5,2026-01-01 01:00:00,10.1438,-2.6018
-65.5,5.0,2026-01-01 01:00:00,9.8534,-2.6018
-65.5,5.5,2026-01-01 01:00:00,9.3502,-2.6018
-65.5,6.0,2026-01-01 01:00:00,8.7575,-2.6018
-65.0,2.0,2026-01-01 01:00:00,8.7836,-3.363
-65.0,2.5,2026-01-01 01:00:00,9.3754,-3.363
-65.0,3.0,2026-01-01 01:00:00,9.8715,-3.363
-65.0,3.5,2026-01-01 01:00:00,10.1504,-3.363
-65.0,4.0,2026-01-01 01:00:00,10.1438,-3.363
-65.0,4.5,2026-01-01 01:00:00,9.8534,-3.363
-65.0,5.0,2026-01-01 01:00:00,9.3502,-3.363
-65.0,5.5,2026-01-01 01:00:00,8.7575,-3.363
-65.0,6.0,2026-01-01 01:00:00,8.2204,-3.363
-64.5,2.0,2026-01-01 01:00:00,9.3754,-3.854
-64.5,2.5,2026-01-01 01:00:00,9.8715,-3.854
-64.5,3.0,2026-01-01 01:00:00,10.1504,-3.854
-64.5,3.5,2026-01-01 01:00:00,10.1438,-3.854
-64.5,4.0,2026-01-01 01:00:00,9.8534,-3.854
-64.5,4.5,2026-01-01 01:00:00,9.3502,-3.854
-64.5,5.0,2026-01-01 01:00:00,8.7575,-3.854
-64.5,5.5,2026-01-01 01:00:00,8.2204,-3.854
-64.5,6.0,2026-01-01 01:00:00,7.8703,-3.854
-64.0,2.0,2026-01-01 01:00:00,9.8715,-3.6234
-64.0,2.5,2026-01-01 01:00:00,10.1504,-3.6234
-64.0,3.0,2026-01-01 01:00:00,10.1438,-3.6234
-64.0,3.5,2026-01-01 01:00:00,9.8534,-3.6234
-64.0,4.0,2026-01-01 01:00:00,9.3502,-3.6234
-64.0,4.5,2026-01-01 01:00:00,8.7575,-3.6234
-64.0,5.0,2026-01-01 01:00:00,8.2204,-3.6234
-64.0,5.5,2026-01-01 01:00:00,7.8703,-3.6234
-64.0,6.0,2026-01-01 01:00:00,7.793,-3.6234
-63.5,2.0,2026-01-01 01:00:00,10.1504,-2.8832
-63.5,2.5,2026-01-01 01:00:00,10.1438,-2.8832
-63.5,3.0,2026-01-01 01:00:00,9.8534,-2.8832
-63.5,3.5,2026-01-01 01:00:00,9.3502,-2.8832
-63.5,4.0,2026-01-01 01:00:00,8.7575,-2.8832
-63.5,4.5,2026-01-01 01:00:00,8.2204,-2.8832
-63.5,5.0,2026-01-01 01:00:00,7.8703,-2.8832
-63.5,5.5,2026-01-01 01:00:00,7.793,-2.8832
-63.5,6.0,2026-01-01 01:00:00,8.0074,-2.8832
-66.5,2.0,2026-01-01 02:00:00,7.7445,-2.5568
-66.5,2.5,2026-01-01 02:00:00,7.8348,-2.5568
-66.5,3.0,2026-01-01 02:00:00,8.1954,-2.5568
-66.5,3.5,2026-01-01 02:00:00,8.738,-2.5568
-66.5,4.0,2026-01-01 02:00:00,9.3297,-2.5568
-66.5,4.5,2026-01-01 02:00:00,9.8258,-2.5568
-66.5,5.0,2026-01-01 02:00:00,10.1047,-2.5568
-66.5,5.5,2026-01-01 02:00:00,10.0981,-2.5568
-66.5,6.0,2026-01-01 02:00:00,9.8077,-2.5568
-66.0,2.0,2026-01-01 02:00:00,7.8348,-2.1538
-66.0,2.5,2026-01-01 02:00:00,8.1954,-2.1538
-66.0,3.0,2026-01-01 02:00:00,8.738,-2.1538
-66.0,3.5,2026-01-01 02:00:00,9.3297,-2.1538
-66.0,4.0,2026-01-01 02:00:00,9.8258,-2.1538
-66.0,4.5,2026-01-01 02:00:00,10.1047,-2.1538
-66.0,5.0,2026-01-01 02:00:00,10.0981,-2.1538
-66.0,5.5,2026-01-01 02:00:00,9.8077,-2.1538
-66.0,6.0,2026-01-01 02:00:00,9.3046,-2.1538
-65.5,2.0,2026-01-01 02:00:00,8.1954,-2.4853
-65.5,2.5,2026-01-01 02:00:00,8.738,-2.4853
-65.5,3.0,2026-01-01 02:00:00,9.3297,-2.4853
-65.5,3.5,2026-01-01 02:00:00,9.8258,-2.4853
-65.5,4.0,2026-01-01 02:00:00,10.1047,-2.4853
-65.5,4.5,2026-01-01 02:00:00,10.0981,-2.4853
-65.5,5.0,2026-01-01 02:00:00,9.8077,-2.4853
-65.5,5.5,2026-01-01 02:00:00,9.3046,-2.4853
-65.5,6.0,2026-01-01 02:00:00,8.7119,-2.4853
-65.0,2.0,2026-01-01 02:00:00,8.738,-3.2465
-65.0,2.5,2026-01-01 02:00:00,9.3297,-3.2465
-65.0,3.0,2026-01-01 02:00:00,9.8258,-3.2465
-65.0,3.5,2026-01-01 02:00:00,10.1047,-3.2465
-65.0,4.0,2026-01-01 02:00:00,10.0981,-3.2465
-65.0,4.5,2026-01-01 02:00:00,9.8077,-3.2465
-65.0,5.0,2026-01-01 02:00:00,9.3046,-3.2465
-65.0,5.5,2026-01-01 02:00:00,8.7119,-3.2465
-65.0,6.0,2026-01-01 02:00:00,8.1747,-3.2465
-64.5,2.0,2026-01-01 02:00:00,9.3297,-3.7375
-64.5,2.5,2026-01-01 02:00:00,9.8258,-3.7375
-64.5,3.0,2026-01-01 02:00:00,10.1047,-3.7375
-64.5,3.5,2026-01-01 02:00:00,10.0981,-3.7375
-64.5,4.0,2026-01-01 02:00:00,9.8077,-3.7375
-64.5,4.5,2026-01-01 02:00:00,9.3046,-3.7375
-64.5,5.0,2026-01-01 02:00:00,8.7119,-3.7375
-64.5,5.5,2026-01-01 02:00:00,8.1747,-3.7375
-64.5,6.0,2026-01-01 02:00:00,7.8246,-3.7375
-64.0,2.0,2026-01-01 02:00:00,9.8258,-3.507
-64.0,2.5,2026-01-01 02:00:00,10.1047,-3.507
-64.0,3.0,2026-01-01 02:00:00,10.0981,-3.507
-64.0,3.5,2026-01-01 02:00:00,9.8077,-3.507
-64.0,4.0,2026-01-01 02:00:00,9.3046,-3.507
-64.0,4.5,2026-01-01 02:00:00,8.7119,-3.507
-64.0,5.0,2026-01-01 02:00:00,8.1747,-3.507
-64.0,5.5,2026-01-01 02:00:00,7.8246,-3.507
-64.0,6.0,2026-01-01 02:00:00,7.7473,-3.507
-63.5,2.0,2026-01-01 02:00:00,10.1047,-2.7668
-63.5,2.5,2026-01-01 02:00:00,10.0981,-2.7668
-63.5,3.0,2026-01-01 02:00:00,9.8077,-2.7668
-63.5,3.5,2026-01-01 02:00:00,9.3046,-2.7668
-63.5,4.0,2026-01-01 02:00:00,8.7119,-2.7668
-63.5,4.5,2026-01-01 02:00:00,8.1747,-2.7668
-63.5,5.0,2026-01-01 02:00:00,7.8246,-2.7668
-63.5,5.5,2026-01-01 02:00:00,7.7473,-2.7668
-63.5,6.0,2026-01-01 02:00:00,7.9618,-2.7668
-66.5,2.0,2026-01-01 03:00:00,7.6715,-2.4675
-66.5,2.5,2026-01-01 03:00:00,7.7618,-2.4675
-66.5,3.0,2026-01-01 03:00:00,8.1224,-2.4675
-66.5,3.5,2026-01-01 03:00:00,8.665,-2.4675
-66.5,4.0,2026-01-01 03:00:00,9.2568,-2.4675
-66.5,4.5,2026-01-01 03:00:00,9.7529,-2.4675
-66.5,5.0,2026-01-01 03:00:00,10.0318,-2.4675
-66.5,5.5,2026-01-01 03:00:00,10.0252,-2.4675
-66.5,6.0,2026-01-01 03:00:00,9.7348,-2.4675
-66.0,2.0,2026-01-01 03:00:00,7.7618,-2.0645
-66.0,2.5,2026-01-01 03:00:00,8.1224,-2.0645
-66.0,3.0,2026-01-01 03:00:00,8.665,-2.0645
-66.0,3.5,2026-01-01 03:00:00,9.2568,-2.0645
-66.0,4.0,2026-01-01 03:00:00,9.7529,-2.0645
-66.0,4.5,2026-01-01 03:00:00,10.0318,-2.0645
-66.0,5.0,2026-01-01 03:00:00,10.0252,-2.0645
-66.0,5.5,2026-01-01 03:00:00,9.7348,-2.0645
-66.0,6.0,2026-01-01 03:00:00,9.2316,-2.0645
-65.5,2.0,2026-01-01 03:00:00,8.1224,-2.396
-65.5,2.5,2026-01-01 03:00:00,8.665,-2.396
-65.5,3.0,2026-01-01 03:00:00,9.2568,-2.396
-65.5,3.5,2026-01-01 03:00:00,9.7529,-2.396
-65.5,4.0,2026-01-01 03:00:00,10.0318,-2.396
-65.5,4.5,2026-01-01 03:00:00,10.0252,-2.396
-65.5,5.0,2026-01-01 03:00:00,9.7348,-2.396
-65.5,5.5,2026-01-01 03:00:00,9.2316,-2.396
-65.5,6.0,2026-01-01 03:00:00,8.6389,-2.396
-65.0,2.0,2026-01-01 03:00:00,8.665,-3.1572
-65.0,2.5,2026-01-01 03:00:00,9.2568,-3.1572
-65.0,3.0,2026-01-01 03:00:00,9.7529,-3.1572
-65.0,3.5,2026-01-01 03:00:00,10.0318,-3.1572
-65.0,4.0,2026-01-01 03:00:00,10.0252,-3.1572
-65.0,4.5,2026-01-01 03:00:00,9.7348,-3.1572
-65.0,5.0,2026-01-01 03:00:00,9.2316,-3.1572
-65.0,5.5,2026-01-01 03:00:00,8.6389,-3.1572
-65.0,6.0,2026-01-01 03:00:00,8.1018,-3.1572
-64.5,2.0,2026-01-01 03:00:00,9.2568,-3.6483
-64.5,2.5,2026-01-01 03:00:00,9.7529,-3.6483
-64.5,3.0,2026-01-01 03:00:00,10.0318,-3.6483
-64.5,3.5,2026-01-01 03:00:00,10.0252,-3.6483
-64.5,4.0,2026-01-01 03:00:00,9.7348,-3.6483
-64.5,4.5,2026-01-01 03:00:00,9.2316,-3.6483
-64.5,5.0,2026-01-01 03:00:00,8.6389,-3.6483
-64.5,5.5,2026-01-01 03:00:00,8.1018,-3.6483
-64.5,6.0,2026-01-01 03:00:00,7.7517,-3.6483
-64.0,2.0,2026-01-01 03:00:00,9.7529,-3.4177
-64.0,2.5,2026-01-01 03:00:00,10.0318,-3.4177
-64.0,3.0,2026-01-01 03:00:00,10.0252,-3.4177
-64.0,3.5,2026-01-01 03:00:00,9.7348,-3.4177
-64.0,4.0,2026-01-01 03:00:00,9.2316,-3.4177
-64.0,4.5,2026-01-01 03:00:00,8.6389,-3.4177
-64.0,5.0,2026-01-01 03:00:00,8.1018,-3.4177
-64.0,5.5,2026-01-01 03:00:00,7.7517,-3.4177
-64.0,6.0,2026-01-01 03:00:00,7.6744,-3.4177
-63.5,2.0,2026-01-01 03:00:00,10.0318,-2.6775
-63.5,2.5,2026-01-01 03:00:00,10.0252,-2.6775
-63.5,3.0,2026-01-01 03:00:00,9.7348,-2.6775
-63.5,3.5,2026-01-01 03:00:00,9.2316,-2.6775
-63.5,4.0,2026-01-01 03:00:00,8.6389,-2.6775
-63.5,4.5,2026-01-01 03:00:00,8.1018,-2.6775
-63.5,5.0,2026-01-01 03:00:00,7.7517,-2.6775
-63.5,5.5,2026-01-01 03:00:00,7.6744,-2.6775
-63.5,6.0,2026-01-01 03:00:00,7.8888,-2.6775
-66.5,2.0,2026-01-01 04:00:00,7.5758,-2.4153
-66.5,2.5,2026-01-01 04:00:00,7.6661,-2.4153
-66.5,3.0,2026-01-01 04:00:00,8.0267,-2.4153
-66.5,3.5,2026-01-01 04:00:00,8.5693,-2.4153
-66.5,4.0,2026-01-01 04:00:00,9.1611,-2.4153
-66.5,4.5,2026-01-01 04:00:00,9.6572,-2.4153
-66.5,5.0,2026-01-01 04:00:00,9.9361,-2.4153
-66.5,5.5,2026-01-01 04:00:00,9.9295,-2.4153
-66.5,6.0,2026-01-01 04:00:00,9.6391,-2.4153
-66.0,2.0,2026-01-01 04:00:00,7.6661,-2.0124
-66.0,2.5,2026-01-01 04:00:00,8.0267,-2.0124
-66.0,3.0,2026-01-01 04:00:00,8.5693,-2.0124
-66.0,3.5,2026-01-01 04:00:00,9.1611,-2.0124
-66.0,4.0,2026-01-01 04:00:00,9.6572,-2.0124
-66.0,4.5,2026-01-01 04:00:00,9.9361,-2.0124
-66.0,5.0,2026-01-01 04:00:00,9.9295,-2.0124
-66.0,5.5,2026-01-01 04:00:00,9.6391,-2.0124
-66.0,6.0,2026-01-01 04:00:00,9.1359,-2.0124
-65.5,2.0,2026-01-01 04:00:00,8.0267,-2.3439
-65.5,2.5,2026-01-01 04:00:00,8.5693,-2.3439
-65.5,3.0,2026-01-01 04:00:00,9.1611,-2.3439
-65.5,3.5,2026-01-01 04:00:00,9.6572,-2.3439
-65.5,4.0,2026-01-01 04:00:00,9.9361,-2.3439
-65.5,4.5,2026-01-01 04:00:00,9.9295,-2.3439
-65.5,5.0,2026-01-01 04:00:00,9.6391,-2.3439
-65.5,5.5,2026-01-01 04:00:00,9.1359,-2.3439
-65.5,6.0,2026-01-01 04:00:00,8.5432,-2.3439
-65.0,2.0,2026-01-01 04:00:00,8.5693,-3.1051
-65.0,2.5,2026-01-01 04:00:00,9.1611,-3.1051
-65.0,3.0,2026-01-01 04:00:00,9.6572,-3.1051
-65.0,3.5,2026-01-01 04:00:00,9.9361,-3.1051
-65.0,4.0,2026-01-01 04:00:00,9.9295,-3.1051
-65.0,4.5,2026-01-01 04:00:00,9.6391,-3.1051
-65.0,5.0,2026-01-01 04:00:00,9.1359,-3.1051
-65.0,5.5,2026-01-01 04:00:00,8.5432,-3.1051
-65.0,6.0,2026-01-01 04:00:00,8.0061,-3.1051
-64.5,2.0,2026-01-01 04:00:00,9.1611,-3.5961
-64.5,2.5,2026-01-01 04:00:00,9.6572,-3.5961
-64.5,3.0,2026-01-01 04:00:00,9.9361,-3.5961
-64.5,3.5,2026-01-01 04:00:00,9.9295,-3.5961
-64.5,4.0,2026-01-01 04:00:00,9.6391,-3.5961
-64.5,4.5,2026-01-01 04:00:00,9.1359,-3.5961
-64.5,5.0,2026-01-01 04:00:00,8.5432,-3.5961
-64.5,5.5,2026-01-01 04:00:00,8.0061,-3.5961
-64.5,6.0,2026-01-01 04:00:00,7.656,-3.5961
-64.0,2.0,2026-01-01 04:00:00,9.6572,-3.3655
-64.0,2.5,2026-01-01 04:00:00,9.9361,-3.3655
-64.0,3.0,2026-01-01 04:00:00,9.9295,-3.3655
-64.0,3.5,2026-01-01 04:00:00,9.6391,-3.3655
-64.0,4.0,2026-01-01 04:00:00,9.1359,-3.3655
-64.0,4.5,2026-01-01 04:00:00,8.5432,-3.3655
-64.0,5.0,2026-01-01 04:00:00,8.0061,-3.3655
-64.0,5.5,2026-01-01 04:00:00,7.656,-3.3655
-64.0,6.0,2026-01-01 04:00:00,7.5787,-3.3655
-63.5,2.0,2026-01-01 04:00:00,9.9361,-2.6253
-63.5,2.5,2026-01-01 04:00:00,9.9295,-2.6253
-63.5,3.0,2026-01-01 04:00:00,9.6391,-2.6253
-63.5,3.5,2026-01-01 04:00:00,9.1359,-2.6253
-63.5,4.0,2026-01-01 04:00:00,8.5432,-2.6253
-63.5,4.5,2026-01-01 04:00:00,8.0061,-2.6253
-63.5,5.0,2026-01-01 04:00:00,7.656,-2.6253
-63.5,5.5,2026-01-01 04:00:00,7.5787,-2.6253
-63.5,6.0,2026-01-01 04:00:00,7.7931,-2.6253
-66.5,2.0,2026-01-01 05:00:00,7.4633,-2.4059
-66.5,2.5,2026-01-01 05:00:00,7.5536,-2.4059
-66.5,3.0,2026-01-01 05:00:00,7.9142,-2.4059
-66.5,3.5,2026-01-01 05:00:00,8.4568,-2.4059
-66.5,4.0,2026-01-01 05:00:00,9.0486,-2.4059
-66.5,4.5,2026-01-01 05:00:00,9.5447,-2.4059
-66.5,5.0,2026-01-01 05:00:00,9.8236,-2.4059
-66.5,5.5,2026-01-01 05:00:00,9.817,-2.4059
-66.5,6.0,2026-01-01 05:00:00,9.5266,-2.4059
-66.0,2.0,2026-01-01 05:00:00,7.5536,-2.003
-66.0,2.5,2026-01-01 05:00:00,7.9142,-2.003
-66.0,3.0,2026-01-01 05:00:00,8.4568,-2.003
-66.0,3.5,2026-01-01 05:00:00,9.0486,-2.003
-66.0,4.0,2026-01-01 05:00:00,9.5447,-2.003
-66.0,4.5,2026-01-01 05:00:00,9.8236,-2.003
-66.0,5.0,2026-01-01 05:00:00,9.817,-2.003
-66.0,5.5,2026-01-01 05:00:00,9.5266,-2.003
-66.0,6.0,2026-01-01 05:00:00,9.0234,-2.003
-65.5,2.0,2026-01-01 05:00:00,7.9142,-2.3345
-65.5,2.5,2026-01-01 05:00:00,8.4568,-2.3345
-65.5,3.0,2026-01-01 05:00:00,9.0486,-2.3345
-65.5,3.5,2026-01-01 05:00:00,9.5447,-2.3345
-65.5,4.0,2026-01-01 05:00:00,9.8236,-2.3345
-65.5,4.5,2026-01-01 05:00:00,9.817,-2.3345
-65.5,5.0,2026-01-01 05:00:00,9.5266,-2.3345
-65.5,5.5,2026-01-01 05:00:00,9.0234,-2.3345
-65.5,6.0,2026-01-01 05:00:00,8.4307,-2.3345
-65.0,2.0,2026-01-01 05:00:00,8.4568,-3.0957
-65.0,2.5,2026-01-01 05:00:00,9.0486,-3.0957
-65.0,3.0,2026-01-01 05:00:00,9.5447,-3.0957
-65.0,3.5,2026-01-01 05:00:00,9.8236,-3.0957
-65.0,4.0,2026-01-01 05:00:00,9.817,-3.0957
-65.0,4.5,2026-01-01 05:00:00,9.5266,-3.0957
-65.0,5.0,2026-01-01 05:00:00,9.0234,-3.0957
-65.0,5.5,2026-01-01 05:00:00,8.4307,-3.0957
-65.0,6.0,2026-01-01 05:00:00,7.8936,-3.0957
-64.5,2.0,2026-01-01 05:00:00,9.0486,-3.5867
-64.5,2.5,2026-01-01 05:00:00,9.5447,-3.5867
-64.5,3.0,2026-01-01 05:00:00,9.8236,-3.5867
-64.5,3.5,2026-01-01 05:00:00,9.817,-3.5867
-64.5,4.0,2026-01-01 05:00:00,9.5266,-3.5867
-64.5,4.5,2026-01-01 05:00:00,9.0234,-3.5867
-64.5,5.0,2026-01-01 05:00:00,8.4307,-3.5867
-64.5,5.5,2026-01-01 05:00:00,7.8936,-3.5867
-64.5,6.0,2026-01-01 05:00:00,7.5435,-3.5867
-64.0,2.0,2026-01-01 05:00:00,9.5447,-3.3562
-64.0,2.5,2026-01-01 05:00:00,9.8236,-3.3562
-64.0,3.0,2026-01-01 05:00:00,9.817,-3.3562
-64.0,3.5,2026-01-01 05:00:00,9.5266,-3.3562
-64.0,4.0,2026-01-01 05:00:00,9.0234,-3.3562
-64.0,4.5,2026-01-01 05:00:00,8.4307,-3.3562
-64.0,5.0,2026-01-01 05:00:00,7.8936,-3.3562
-64.0,5.5,2026-01-01 05:00:00,7.5435,-3.3562
-64.0,6.0,2026-01-01 05:00:00,7.4662,-3.3562
-63.5,2.0,2026-01-01 05:00:00,9.8236,-2.6159
-63.5,2.5,2026-01-01 05:00:00,9.817,-2.6159
-63.5,3.0,2026-01-01 05:00:00,9.5266,-2.6159
-63.5,3.5,2026-01-01 05:00:00,9.0234,-2.6159
-63.5,4.0,2026-01-01 05:00:00,8.4307,-2.6159
-63.5,4.5,2026-01-01 05:00:00,7.8936,-2.6159
-63.5,5.0,2026-01-01 05:00:00,7.5435,-2.6159
-63.5,5.5,2026-01-01 05:00:00,7.4662,-2.6159
-63.5,6.0,2026-01-01 05:00:00,7.6806,-2.6159
-66.5,2.0,2026-01-01 06:00:00,7.3411,-2.4404
-66.5,2.5,2026-01-01 06:00:00,7.4313,-2.4404
-66.5,3.0,2026-01-01 06:00:00,7.7919,-2.4404
-66.5,3.5,2026-01-01 06:00:00,8.3345,-2.4404
-66.5,4.0,2026-01-01 06:00:00,8.9263,-2.4404
-66.5,4.5,2026-01-01 06:00:00,9.4224,-2.4404
-66.5,5.0,2026-01-01 06:00:00,9.7013,-2.4404
-66.5,5.5,2026-01-01 06:00:00,9.6947,-2.4404
-66.5,6.0,2026-01-01 06:00:00,9.4043,-2.4404
-66.0,2.0,2026-01-01 06:00:00,7.4313,-2.0374
-66.0,2.5,2026-01-01 06:00:00,7.7919,-2.0374
-66.0,3.0,2026-01-01 06:00:00,8.3345,-2.0374
-66.0,3.5,2026-01-01 06:00:00,8.9263,-2.0374
-66.0,4.0,2026-01-01 06:00:00,9.4224,-2.0374
-66.0,4.5,2026-01-01 06:00:00,9.7013,-2.0374
-66.0,5.0,2026-01-01 06:00:00,9.6947,-2.0374
-66.0,5.5,2026-01-01 06:00:00,9.4043,-2.0374
-66.0,6.0,2026-01-01 06:00:00,8.9011,-2.0374
-65.5,2.0,2026-01-01 06:00:00,7.7919,-2.3689
-65.5,2.5,2026-01-01 06:00:00,8.3345,-2.3689
-65.5,3.0,2026-01-01 06:00:00,8.9263,-2.3689
-65.5,3.5,2026-01-01 06:00:00,9.4224,-2.3689
-65.5,4.0,2026-01-01 06:00:00,9.7013,-2.3689
-65.5,4.5,2026-01-01 06:00:00,9.6947,-2.3689
-65.5,5.0,2026-01-01 06:00:00,9.4043,-2.3689
-65.5,5.5,2026-01-01 06:00:00,8.9011,-2.3689
-65.5,6.0,2026-01-01 06:00:00,8.3084,-2.3689
-65.0,2.0,2026-01-01 06:00:00,8.3345,-3.1301
-65.0,2.5,2026-01-01 06:00:00,8.9263,-3.1301
-65.0,3.0,2026-01-01 06:00:00,9.4224,-3.1301
-65.0,3.5,2026-01-01 06:00:00,9.7013,-3.1301
-65.0,4.0,2026-01-01 06:00:00,9.6947,-3.1301
-65.0,4.5,2026-01-01 06:00:00,9.4043,-3.1301
-65.0,5.0,2026-01-01 06:00:00,8.9011,-3.1301
-65.0,5.5,2026-01-01 06:00:00,8.3084,-3.1301
-65.0,6.0,2026-01-01 06:00:00,7.7713,-3.1301
-64.5,2.0,2026-01-01 06:00:00,8.9263,-3.6212
-64.5,2.5,2026-01-01 06:00:00,9.4224,-3.6212
-64.5,3.0,2026-01-01 06:00:00,9.7013,-3.6212
-64.5,3.5,2026-01-01 06:00:00,9.6947,-3.6212
-64.5,4.0,2026-01-01 06:00:00,9.4043,-3.6212
-64.5,4.5,2026-01-01 06:00:00,8.9011,-3.6212
-64.5,5.0,2026-01-01 06:00:00,8.3084,-3.6212
-64.5,5.5,2026-01-01 06:00:00,7.7713,-3.6212
-64.5,6.0,2026-01-01 06:00:00,7.4212,-3.6212
-64.0,2.0,2026-01-01 06:00:00,9.4224,-3.3906
-64.0,2.5,2026-01-01 06:00:00,9.7013,-3.3906
-64.0,3.0,2026-01-01 06:00:00,9.6947,-3.3906
-64.0,3.5,2026-01-01 06:00:00,9.4043,-3.3906
-64.0,4.0,2026-01-01 06:00:00,8.9011,-3.3906
-64.0,4.5,2026-01-01 06:00:00,8.3084,-3.3906
-64.0,5.0,2026-01-01 06:00:00,7.7713,-3.3906
-64.0,5.5,2026-01-01 06:00:00,7.4212,-3.3906
-64.0,6.0,2026-01-01 06:00:00,7.3439,-3.3906
-63.5,2.0,2026-01-01 06:00:00,9.7013,-2.6504
-63.5,2.5,2026-01-01 06:00:00,9.6947,-2.6504
-63.5,3.0,2026-01-01 06:00:00,9.4043,-2.6504
-63.5,3.5,2026-01-01 06:00:00,8.9011,-2.6504
-63.5,4.0,2026-01-01 06:00:00,8.3084,-2.6504
-63.5,4.5,2026-01-01 06:00:00,7.7713,-2.6504
-63.5,5.0,2026-01-01 06:00:00,7.4212,-2.6504
-63.5,5.5,2026-01-01 06:00:00,7.3439,-2.6504
-63.5,6.0,2026-01-01 06:00:00,7.5583,-2.6504
-66.5,2.0,2026-01-01 07:00:00,7.2166,-2.5149
-66.5,2.5,2026-01-01 07:00:00,7.3068,-2.5149
-66.5,3.0,2026-01-01 07:00:00,7.6674,-2.5149
-66.5,3.5,2026-01-01 07:00:00,8.2101,-2.5149
-66.5,4.0,2026-01-01 07:00:00,8.8018,-2.5149
-66.5,4.5,2026-01-01 07:00:00,9.2979,-2.5149
-66.5,5.0,2026-01-01 07:00:00,9.5768,-2.5149
-66.5,5.5,2026-01-01 07:00:00,9.5702,-2.5149
-66.5,6.0,2026-01-01 07:00:00,9.2798,-2.5149
-66.0,2.0,2026-01-01 07:00:00,7.3068,-2.1119
-66.0,2.5,2026-01-01 07:00:00,7.6674,-2.1119
-66.0,3.0,2026-01-01 07:00:00,8.2101,-2.1119
-66.0,3.5,2026-01-01 07:00:00,8.8018,-2.1119
-66.0,4.0,2026-01-01 07:00:00,9.2979,-2.1119
-66.0,4.5,2026-01-01 07:00:00,9.5768,-2.1119
-66.0,5.0,2026-01-01 07:00:00,9.5702,-2.1119
-66.0,5.5,2026-01-01 07:00:00,9.2798,-2.1119
-66.0,6.0,2026-01-01 07:00:00,8.7766,-2.1119
-65.5,2.0,2026-01-01 07:00:00,7.6674,-2.4434
-65.5,2.5,2026-01-01 07:00:00,8.2101,-2.4434
-65.5,3.0,2026-01-01 07:00:00,8.8018,-2.4434
-65.5,3.5,2026-01-01 07:00:00,9.2979,-2.4434
-65.5,4.0,2026-01-01 07:00:00,9.5768,-2.4434
-65.5,4.5,2026-01-01 07:00:00,9.5702,-2.4434
-65.5,5.0,2026-01-01 07:00:00,9.2798,-2.4434
-65.5,5.5,2026-01-01 07:00:00,8.7766,-2.4434
-65.5,6.0,2026-01-01 07:00:00,8.1839,-2.4434
-65.0,2.0,2026-01-01 07:00:00,8.2101,-3.2046
-65.0,2.5,2026-01-01 07:00:00,8.8018,-3.2046
-65.0,3.0,2026-01-01 07:00:00,9.2979,-3.2046
-65.0,3.5,2026-01-01 07:00:00,9.5768,-3.2046
-65.0,4.0,2026-01-01 07:00:00,9.5702,-3.2046
-65.0,4.5,2026-01-01 07:00:00,9.2798,-3.2046
-65.0,5.0,2026-01-01 07:00:00,8.7766,-3.2046
-65.0,5.5,2026-01-01 07:00:00,8.1839,-3.2046
-65.0,6.0,2026-01-01 07:00:00,7.6468,-3.2046
-64.5,2.0,2026-01-01 07:00:00,8.8018,-3.6957
-64.5,2.5,2026-01-01 07:00:00,9.2979,-3.6957
-64.5,3.0,2026-01-01 07:00:00,9.5768,-3.6957
-64.5,3.5,2026-01-01 07:00:00,9.5702,-3.6957
-64.5,4.0,2026-01-01 07:00:00,9.2798,-3.6957
-64.5,4.5,2026-01-01 07:00:00,8.7766,-3.6957
-64.5,5.0,2026-01-01 07:00:00,8.1839,-3.6957
-64.5,5.5,2026-01-01 07:00:00,7.6468,-3.6957
-64.5,6.0,2026-01-01 07:00:00,7.2967,-3.6957
-64.0,2.0,2026-01-01 07:00:00,9.2979,-3.4651
-64.0,2.5,2026-01-01 07:00:00,9.5768,-3.4651
-64.0,3.0,2026-01-01 07:00:00,9.5702,-3.4651
-64.0,3.5,2026-01-01 07:00:00,9.2798,-3.4651
-64.0,4.0,2026-01-01 07:00:00,8.7766,-3.4651
-64.0,4.5,2026-01-01 07:00:00,8.1839,-3.4651
-64.0,5.0,2026-01-01 07:00:00,7.6468,-3.4651
-64.0,5.5,2026-01-01 07:00:00,7.2967,-3.4651
-64.0,6.0,2026-01-01 07:00:00,7.2194,-3.4651
-63.5,2.0,2026-01-01 07:00:00,9.5768,-2.7249
-63.5,2.5,2026-01-01 07:00:00,9.5702,-2.7249
-63.5,3.0,2026-01-01 07:00:00,9.2798,-2.7249
-63.5,3.5,2026-01-01 07:00:00,8.7766,-2.7249
-63.5,4.0,2026-01-01 07:00:00,8.1839,-2.7249
-63.5,4.5,2026-01-01 07:00:00,7.6468,-2.7249
-63.5,5.0,2026-01-01 07:00:00,7.2967,-2.7249
-63.5,5.5,2026-01-01 07:00:00,7.2194,-2.7249
-63.5,6.0,2026-01-01 07:00:00,7.4338,-2.7249
-66.5,2.0,2026-01-01 08:00:00,7.0976,-2.6212
-66.5,2.5,2026-01-01 08:00:00,7.1879,-2.6212
-66.5,3.0,2026-01-01 08:00:00,7.5485,-2.6212
-66.5,3.5,2026-01-01 08:00:00,8.0911,-2.6212
-66.5,4.0,2026-01-01 08:00:00,8.6829,-2.6212
-66.5,4.5,2026-01-01 08:00:00,9.1789,-2.6212
-66.5,5.0,2026-01-01 08:00:00,9.4578,-2.6212
-66.5,5.5,2026-01-01 08:00:00,9.4513,-2.6212
-66.5,6.0,2026-01-01 08:00:00,9.1609,-2.6212
-66.0,2.0,2026-01-01 08:00:00,7.1879,-2.2182
-66.0,2.5,2026-01-01 08:00:00,7.5485,-2.2182
-66.0,3.0,2026-01-01 08:00:00,8.0911,-2.2182
-66.0,3.5,2026-01-01 08:00:00,8.6829,-2.2182
-66.0,4.0,2026-01-01 08:00:00,9.1789,-2.2182
-66.0,4.5,2026-01-01 08:00:00,9.4578,-2.2182
-66.0,5.0,2026-01-01 08:00:00,9.4513,-2.2182
-66.0,5.5,2026-01-01 08:00:00,9.1609,-2.2182
-66.0,6.0,2026-01-01 08:00:00,8.6577,-2.2182
-65.5,2.0,2026-01-01 08:00:00,7.5485,-2.5497
-65.5,2.5,2026-01-01 08:00:00,8.0911,-2.5497
-65.5,3.0,2026-01-01 08:00:00,8.6829,-2.5497
-65.5,3.5,2026-01-01 08:00:00,9.1789,-2.5497
-65.5,4.0,2026-01-01 08:00:00,9.4578,-2.5497
-65.5,4.5,2026-01-01 08:00:00,9.4513,-2.5497
-65.5,5.0,2026-01-01 08:00:00,9.1609,-2.5497
-65.5,5.5,2026-01-01 08:00:00,8.6577,-2.5497
-65.5,6.0,2026-01-01 08:00:00,8.065,-2.5497
-65.0,2.0,2026-01-01 08:00:00,8.0911,-3.3109
-65.0,2.5,2026-01-01 08:00:00,8.6829,-3.3109
-65.0,3.0,2026-01-01 08:00:00,9.1789,-3.3109
-65.0,3.5,2026-01-01 08:00:00,9.4578,-3.3109
-65.0,4.0,2026-01-01 08:00:00,9.4513,-3.3109
-65.0,4.5,2026-01-01 08:00:00,9.1609,-3.3109
-65.0,5.0,2026-01-01 08:00:00,8.6577,-3.3109
-65.0,5.5,2026-01-01 08:00:00,8.065,-3.3109
-65.0,6.0,2026-01-01 08:00:00,7.5278,-3.3109
-64.5,2.0,2026-01-01 08:00:00,8.6829,-3.802
-64.5,2.5,2026-01-01 08:00:00,9.1789,-3.802
-64.5,3.0,2026-01-01 08:00:00,9.4578,-3.802
-64.5,3.5,2026-01-01 08:00:00,9.4513,-3.802
-64.5,4.0,2026-01-01 08:00:00,9.1609,-3.802
-64.5,4.5,2026-01-01 08:00:00,8.6577,-3.802
-64.5,5.0,2026-01-01 08:00:00,8.065,-3.802
-64.5,5.5,2026-01-01 08:00:00,7.5278,-3.802
-64.5,6.0,2026-01-01 08:00:00,7.1778,-3.802
-64.0,2.0,2026-01-01 08:00:00,9.1789,-3.5714
-64.0,2.5,2026-01-01 08:00:00,9.4578,-3.5714
-64.0,3.0,2026-01-01 08:00:00,9.4513,-3.5714
-64.0,3.5,2026-01-01 08:00:00,9.1609,-3.5714
-64.0,4.0,2026-01-01 08:00:00,8.6577,-3.5714
-64.0,4.5,2026-01-01 08:00:00,8.065,-3.5714
-64.0,5.0,2026-01-01 08:00:00,7.5278,-3.5714
-64.0,5.5,2026-01-01 08:00:00,7.1778,-3.5714
-64.0,6.0,2026-01-01 08:00:00,7.1005,-3.5714
-63.5,2.0,2026-01-01 08:00:00,9.4578,-2.8312
-63.5,2.5,2026-01-01 08:00:00,9.4513,-2.8312
-63.5,3.0,2026-01-01 08:00:00,9.1609,-2.8312
-63.5,3.5,2026-01-01 08:00:00,8.6577,-2.8312
-63.5,4.0,2026-01-01 08:00:00,8.065,-2.8312
-63.5,4.5,2026-01-01 08:00:00,7.5278,-2.8312
-63.5,5.0,2026-01-01 08:00:00,7.1778,-2.8312
-63.5,5.5,2026-01-01 08:00:00,7.1005,-2.8312
-63.5,6.0,2026-01-01 08:00:00,7.3149,-2.8312
-66.5,2.0,2026-01-01 09:00:00,6.9916,-2.7477
-66.5,2.5,2026-01-01 09:00:00,7.0819,-2.7477
-66.5,3.0,2026-01-01 09:00:00,7.4425,-2.7477
-66.5,3.5,2026-01-01 09:00:00,7.9851,-2.7477
-66.5,4.0,2026-01-01 09:00:00,8.5769,-2.7477
-66.5,4.5,2026-01-01 09:00:00,9.0729,-2.7477
-66.5,5.0,2026-01-01 09:00:00,9.3518,-2.7477
-66.5,5.5,2026-01-01 09:00:00,9.3453,-2.7477
-66.5,6.0,2026-01-01 09:00:00,9.0548,-2.7477
-66.0,2.0,2026-01-01 09:00:00,7.0819,-2.3447
-66.0,2.5,2026-01-01 09:00:00,7.4425,-2.3447
-66.0,3.0,2026-01-01 09:00:00,7.9851,-2.3447
-66.0,3.5,2026-01-01 09:00:00,8.5769,-2.3447
-66.0,4.0,2026-01-01 09:00:00,9.0729,-2.3447
-66.0,4.5,2026-01-01 09:00:00,9.3518,-2.3447
-66.0,5.0,2026-01-01 09:00:00,9.3453,-2.3447
-66.0,5.5,2026-01-01 09:00:00,9.0548,-2.3447
-66.0,6.0,2026-01-01 09:00:00,8.5517,-2.3447
-65.5,2.0,2026-01-01 09:00:00,7.4425,-2.6762
-65.5,2.5,2026-01-01 09:00:00,7.9851,-2.6762
-65.5,3.0,2026-01-01 09:00:00,8.5769,-2.6762
-65.5,3.5,2026-01-01 09:00:00,9.0729,-2.6762
-65.5,4.0,2026-01-01 09:00:00,9.3518,-2.6762
-65.5,4.5,2026-01-01 09:00:00,9.3453,-2.6762
-65.5,5.0,2026-01-01 09:00:00,9.0548,-2.6762
-65.5,5.5,2026-01-01 09:00:00,8.5517,-2.6762
-65.5,6.0,2026-01-01 09:00:00,7.959,-2.6762
-65.0,2.0,2026-01-01 09:00:00,7.9851,-3.4374
-65.0,2.5,2026-01-01 09:00:00,8.5769,-3.4374
-65.0,3.0,2026-01-01 09:00:00,9.0729,-3.4374
-65.0,3.5,2026-01-01 09:00:00,9.3518,-3.4374
-65.0,4.0,2026-01-01 09:00:00,9.3453,-3.4374
-65.0,4.5,2026-01-01 09:00:00,9.0548,-3.4374
-65.0,5.0,2026-01-01 09:00:00,8.5517,-3.4374
-65.0,5.5,2026-01-01 09:00:00,7.959,-3.4374
-65.0,6.0,2026-01-01 09:00:00,7.4218,-3.4374
-64.5,2.0,2026-01-01 09:00:00,8.5769,-3.9284
-64.5,2.5,2026-01-01 09:00:00,9.0729,-3.9284
-64.5,3.0,2026-01-01 09:00:00,9.3518,-3.9284
-64.5,3.5,2026-01-01 09:00:00,9.3453,-3.9284
-64.5,4.0,2026-01-01 09:00:00,9.0548,-3.9284
-64.5,4.5,2026-01-01 09:00:00,8.5517,-3.9284
-64.5,5.0,2026-01-01 09:00:00,7.959,-3.9284
-64.5,5.5,2026-01-01 09:00:00,7.4218,-3.9284
-64.5,6.0,2026-01-01 09:00:00,7.0718,-3.9284
-64.0,2.0,2026-01-01 09:00:00,9.0729,-3.6979
-64.0,2.5,2026-01-01 09:00:00,9.3518,-3.6979
-64.0,3.0,2026-01-01 09:00:00,9.3453,-3.6979
-64.0,3.5,2026-01-01 09:00:00,9.0548,-3.6979
-64.0,4.0,2026-01-01 09:00:00,8.5517,-3.6979
-64.0,4.5,2026-01-01 09:00:00,7.959,-3.6979
-64.0,5.0,2026-01-01 09:00:00,7.4218,-3.6979
-64.0,5.5,2026-01-01 09:00:00,7.0718,-3.6979
-64.0,6.0,2026-01-01 09:00:00,6.9945,-3.6979
-63.5,2.0,2026-01-01 09:00:00,9.3518,-2.9577
-63.5,2.5,2026-01-01 09:00:00,9.3453,-2.9577
-63.5,3.0,2026-01-01 09:00:00,9.0548,-2.9577
-63.5,3.5,2026-01-01 09:00:00,8.5517,-2.9577
-63.5,4.0,2026-01-01 09:00:00,7.959,-2.9577
-63.5,4.5,2026-01-01 09:00:00,7.4218,-2.9577
-63.5,5.0,2026-01-01 09:00:00,7.0718,-2.9577
-63.5,5.5,2026-01-01 09:00:00,6.9945,-2.9577
-63.5,6.0,2026-01-01 09:00:00,7.2089,-2.9577
-66.5,2.0,2026-01-01 10:00:00,6.9051,-2.8803
-66.5,2.5,2026-01-01 10:00:00,6.9954,-2.8803
-66.5,3.0,2026-01-01 10:00:00,7.356,-2.8803
-66.5,3.5,2026-01-01 10:00:00,7.8986,-2.8803
-66.5,4.0,2026-01-01 10:00:00,8.4904,-2.8803
-66.5,4.5,2026-01-01 10:00:00,8.9864,-2.8803
-66.5,5.0,2026-01-01 10:00:00,9.2653,-2.8803
-66.5,5.5,2026-01-01 10:00:00,9.2588,-2.8803
-66.5,6.0,2026-01-01 10:00:00,8.9684,-2.8803
-66.0,2.0,2026-01-01 10:00:00,6.9954,-2.4774
-66.0,2.5,2026-01-01 10:00:00,7.356,-2.4774
-66.0,3.0,2026-01-01 10:00:00,7.8986,-2.4774
-66.0,3.5,2026-01-01 10:00:00,8.4904,-2.4774
-66.0,4.0,2026-01-01 10:00:00,8.9864,-2.4774
-66.0,4.5,2026-01-01 10:00:00,9.2653,-2.4774
-66.0,5.0,2026-01-01 10:00:00,9.2588,-2.4774
-66.0,5.5,2026-01-01 10:00:00,8.9684,-2.4774
-66.0,6.0,2026-01-01 10:00:00,8.4652,-2.4774
-65.5,2.0,2026-01-01 10:00:00,7.356,-2.8089
-65.5,2.5,2026-01-01 10:00:00,7.8986,-2.8089
-65.5,3.0,2026-01-01 10:00:00,8.4904,-2.8089
-65.5,3.5,2026-01-01 10:00:00,8.9864,-2.8089
-65.5,4.0,2026-01-01 10:00:00,9.2653,-2.8089
-65.5,4.5,2026-01-01 10:00:00,9.2588,-2.8089
-65.5,5.0,2026-01-01 10:00:00,8.9684,-2.8089
-65.5,5.5,2026-01-01 10:00:00,8.4652,-2.8089
-65.5,6.0,2026-01-01 10:00:00,7.8725,-2.8089
-65.0,2.0,2026-01-01 10:00:00,7.8986,-3.5701
-65.0,2.5,2026-01-01 10:00:00,8.4904,-3.5701
-65.0,3.0,2026-01-01 10:00:00,8.9864,-3.5701
-65.0,3.5,2026-01-01 10:00:00,9.2653,-3.5701
-65.0,4.0,2026-01-01 10:00:00,9.2588,-3.5701
-65.0,4.5,2026-01-01 10:00:00,8.9684,-3.5701
-65.0,5.0,2026-01-01 10:00:00,8.4652,-3.5701
-65.0,5.5,2026-01-01 10:00:00,7.8725,-3.5701
-65.0,6.0,2026-01-01 10:00:00,7.3353,-3.5701
-64.5,2.0,2026-01-01 10:00:00,8.4904,-4.0611
-64.5,2.5,2026-01-01 10:00:00,8.9864,-4.0611
-64.5,3.0,2026-01-01 10:00:00,9.2653,-4.0611
-64.5,3.5,2026-01-01 10:00:00,9.2588,-4.0611
-64.5,4.0,2026-01-01 10:00:00,8.9684,-4.0611
-64.5,4.5,2026-01-01 10:00:00,8.4652,-4.0611
-64.5,5.0,2026-01-01 10:00:00,7.8725,-4.0611
-64.5,5.5,2026-01-01 10:00:00,7.3353,-4.0611
-64.5,6.0,2026-01-01 10:00:00,6.9853,-4.0611
-64.0,2.0,2026-01-01 10:00:00,8.9864,-3.8305
-64.0,2.5,2026-01-01 10:00:00,9.2653,-3.8305
-64.0,3.0,2026-01-01 10:00:00,9.2588,-3.8305
-64.0,3.5,2026-01-01 10:00:00,8.9684,-3.8305
-64.0,4.0,2026-01-01 10:00:00,8.4652,-3.8305
-64.0,4.5,2026-01-01 10:00:00,7.8725,-3.8305
-64.0,5.0,2026-01-01 10:00:00,7.3353,-3.8305
-64.0,5.5,2026-01-01 10:00:00,6.9853,-3.8305
-64.0,6.0,2026-01-01 10:00:00,6.908,-3.8305
-63.5,2.0,2026-01-01 10:00:00,9.2653,-3.0903
-63.5,2.5,2026-01-01 10:00:00,9.2588,-3.0903
-63.5,3.0,2026-01-01 10:00:00,8.9684,-3.0903
-63.5,3.5,2026-01-01 10:00:00,8.4652,-3.0903
-63.5,4.0,2026-01-01 10:00:00,7.8725,-3.0903
-63.5,4.5,2026-01-01 10:00:00,7.3353,-3.0903
-63.5,5.0,2026-01-01 10:00:00,6.9853,-3.0903
-63.5,5.5,2026-01-01 10:00:00,6.908,-3.0903
-63.5,6.0,2026-01-01 10:00:00,7.1224,-3.0903
-66.5,2.0,2026-01-01 11:00:00,6.8435,-3.0046
-66.5,2.5,2026-01-01 11:00:00,6.9338,-3.0046
-66.5,3.0,2026-01-01 11:00:00,7.2944,-3.0046
-66.5,3.5,2026-01-01 11:00:00,7.837,-3.0046
-66.5,4.0,2026-01-01 11:00:00,8.4288,-3.0046
-66.5,4.5,2026-01-01 11:00:00,8.9249,-3.0046
-66.5,5.0,2026-01-01 11:00:00,9.2038,-3.0046
-66.5,5.5,2026-01-01 11:00:00,9.1972,-3.0046
-66.5,6.0,2026-01-01 11:00:00,8.9068,-3.0046
-66.0,2.0,2026-01-01 11:00:00,6.9338,-2.6016
-66.0,2.5,2026-01-01 11:00:00,7.2944,-2.6016
-66.0,3.0,2026-01-01 11:00:00,7.837,-2.6016
-66.0,3.5,2026-01-01 11:00:00,8.4288,-2.6016
-66.0,4.0,2026-01-01 11:00:00,8.9249,-2.6016
-66.0,4.5,2026-01-01 11:00:00,9.2038,-2.6016
-66.0,5.0,2026-01-01 11:00:00,9.1972,-2.6016
-66.0,5.5,2026-01-01 11:00:00,8.9068,-2.6016
-66.0,6.0,2026-01-01 11:00:00,8.4036,-2.6016
-65.5,2.0,2026-01-01 11:00:00,7.2944,-2.9331
-65.5,2.5,2026-01-01 11:00:00,7.837,-2.9331
-65.5,3.0,2026-01-01 11:00:00,8.4288,-2.9331
-65.5,3.5,2026-01-01 11:00:00,8.9249,-2.9331
-65.5,4.0,2026-01-01 11:00:00,9.2038,-2.9331
-65.5,4.5,2026-01-01 11:00:00,9.1972,-2.9331
-65.5,5.0,2026-01-01 11:00:00,8.9068,-2.9331
-65.5,5.5,2026-01-01 11:00:00,8.4036,-2.9331
-65.5,6.0,2026-01-01 11:00:00,7.8109,-2.9331
-65.0,2.0,2026-01-01 11:00:00,7.837,-3.6943
-65.0,2.5,2026-01-01 11:00:00,8.4288,-3.6943
-65.0,3.0,2026-01-01 11:00:00,8.9249,-3.6943
-65.0,3.5,2026-01-01 11:00:00,9.2038,-3.6943
-65.0,4.0,2026-01-01 11:00:00,9.1972,-3.6943
-65.0,4.5,2026-01-01 11:00:00,8.9068,-3.6943
-65.0,5.0,2026-01-01 11:00:00,8.4036,-3.6943
-65.0,5.5,2026-01-01 11:00:00,7.8109,-3.6943
-65.0,6.0,2026-01-01 11:00:00,7.2738,-3.6943
-64.5,2.0,2026-01-01 11:00:00,8.4288,-4.1854
-64.5,2.5,2026-01-01 11:00:00,8.9249,-4.1854
-64.5,3.0,2026-01-01 11:00:00,9.2038,-4.1854
-64.5,3.5,2026-01-01 11:00:00,9.1972,-4.1854
-64.5,4.0,2026-01-01 11:00:00,8.9068,-4.1854
-64.5,4.5,2026-01-01 11:00:00,8.4036,-4.1854
-64.5,5.0,2026-01-01 11:00:00,7.8109,-4.1854
-64.5,5.5,2026-01-01 11:00:00,7.2738,-4.1854
-64.5,6.0,2026-01-01 11:00:00,6.9237,-4.1854
-64.0,2.0,2026-01-01 11:00:00,8.9249,-3.9548
-64.0,2.5,2026-01-01 11:00:00,9.2038,-3.9548
-64.0,3.0,2026-01-01 11:00:00,9.1972,-3.9548
-64.0,3.5,2026-01-01 11:00:00,8.9068,-3.9548
-64.0,4.0,2026-01-01 11:00:00,8.4036,-3.9548
-64.0,4.5,2026-01-01 11:00:00,7.8109,-3.9548
-64.0,5.0,2026-01-01 11:00:00,7.2738,-3.9548
-64.0,5.5,2026-01-01 11:00:00,6.9237,-3.9548
-64.0,6.0,2026-01-01 11:00:00,6.8464,-3.9548
-63.5,2.0,2026-01-01 11:00:00,9.2038,-3.2146
-63.5,2.5,2026-01-01 11:00:00,9.1972,-3.2146
-63.5,3.0,2026-01-01 11:00:00,8.9068,-3.2146
-63.5,3.5,2026-01-01 11:00:00,8.4036,-3.2146
-63.5,4.0,2026-01-01 11:00:00,7.8109,-3.2146
-63.5,4.5,2026-01-01 11:00:00,7.2738,-3.2146
-63.5,5.0,2026-01-01 11:00:00,6.9237,-3.2146
-63.5,5.5,2026-01-01 11:00:00,6.8464,-3.2146
-63.5,6.0,2026-01-01 11:00:00,7.0608,-3.2146
-66.5,2.0,2026-01-01 12:00:00,6.8107,-3.1068
-66.5,2.5,2026-01-01 12:00:00,6.901,-3.1068
-66.5,3.0,2026-01-01 12:00:00,7.2616,-3.1068
-66.5,3.5,2026-01-01 12:00:00,7.8042,-3.1068
-66.5,4.0,2026-01-01 12:00:00,8.396,-3.1068
-66.5,4.5,2026-01-01 12:00:00,8.892,-3.1068
-66.5,5.0,2026-01-01 12:00:00,9.1709,-3.1068
-66.5,5.5,2026-01-01 12:00:00,9.1643,-3.1068
-66.5,6.0,2026-01-01 12:00:00,8.8739,-3.1068
-66.0,2.0,2026-01-01 12:00:00,6.901,-2.7038
-66.0,2.5,2026-01-01 12:00:00,7.2616,-2.7038
-66.0,3.0,2026-01-01 12:00:00,7.8042,-2.7038
-66.0,3.5,2026-01-01 12:00:00,8.396,-2.7038
-66.0,4.0,2026-01-01 12:00:00,8.892,-2.7038
-66.0,4.5,2026-01-01 12:00:00,9.1709,-2.7038
-66.0,5.0,2026-01-01 12:00:00,9.1643,-2.7038
-66.0,5.5,2026-01-01 12:00:00,8.8739,-2.7038
-66.0,6.0,2026-01-01 12:00:00,8.3708,-2.7038
-65.5,2.0,2026-01-01 12:00:00,7.2616,-3.0354
-65.5,2.5,2026-01-01 12:00:00,7.8042,-3.0354
-65.5,3.0,2026-01-01 12:00:00,8.396,-3.0354
-65.5,3.5,2026-01-01 12:00:00,8.892,-3.0354
-65.5,4.0,2026-01-01 12:00:00,9.1709,-3.0354
-65.5,4.5,2026-01-01 12:00:00,9.1643,-3.0354
-65.5,5.0,2026-01-01 12:00:00,8.8739,-3.0354
-65.5,5.5,2026-01-01 12:00:00,8.3708,-3.0354
-65.5,6.0,2026-01-01 12:00:00,7.7781,-3.0354
-65.0,2.0,2026-01-01 12:00:00,7.8042,-3.7966
-65.0,2.5,2026-01-01 12:00:00,8.396,-3.7966
-65.0,3.0,2026-01-01 12:00:00,8.892,-3.7966
-65.0,3.5,2026-01-01 12:00:00,9.1709,-3.7966
-65.0,4.0,2026-01-01 12:00:00,9.1643,-3.7966
-65.0,4.5,2026-01-01 12:00:00,8.8739,-3.7966
-65.0,5.0,2026-01-01 12:00:00,8.3708,-3.7966
-65.0,5.5,2026-01-01 12:00:00,7.7781,-3.7966
-65.0,6.0,2026-01-01 12:00:00,7.2409,-3.7966
-64.5,2.0,2026-01-01 12:00:00,8.396,-4.2876
-64.5,2.5,2026-01-01 12:00:00,8.892,-4.2876
-64.5,3.0,2026-01-01 12:00:00,9.1709,-4.2876
-64.5,3.5,2026-01-01 12:00:00,9.1643,-4.2876
-64.5,4.0,2026-01-01 12:00:00,8.8739,-4.2876
-64.5,4.5,2026-01-01 12:00:00,8.3708,-4.2876
-64.5,5.0,2026-01-01 12:00:00,7.7781,-4.2876
-64.5,5.5,2026-01-01 12:00:00,7.2409,-4.2876
-64.5,6.0,2026-01-01 12:00:00,6.8908,-4.2876
-64.0,2.0,2026-01-01 12:00:00,8.892,-4.057
-64.0,2.5,2026-01-01 12:00:00,9.1709,-4.057
-64.0,3.0,2026-01-01 12:00:00,9.1643,-4.057
-64.0,3.5,2026-01-01 12:00:00,8.8739,-4.057
-64.0,4.0,2026-01-01 12:00:00,8.3708,-4.057
-64.0,4.5,2026-01-01 12:00:00,7.7781,-4.057
-64.0,5.0,2026-01-01 12:00:00,7.2409,-4.057
-64.0,5.5,2026-01-01 12:00:00,6.8908,-4.057
-64.0,6.0,2026-01-01 12:00:00,6.8136,-4.057
-63.5,2.0,2026-01-01 12:00:00,9.1709,-3.3168
-63.5,2.5,2026-01-01 12:00:00,9.1643,-3.3168
-63.5,3.0,2026-01-01 12:00:00,8.8739,-3.3168
-63.5,3.5,2026-01-01 12:00:00,8.3708,-3.3168
-63.5,4.0,2026-01-01 12:00:00,7.7781,-3.3168
-63.5,4.5,2026-01-01 12:00:00,7.2409,-3.3168
-63.5,5.0,2026-01-01 12:00:00,6.8908,-3.3168
-63.5,5.5,2026-01-01 12:00:00,6.8136,-3.3168
-63.5,6.0,2026-01-01 12:00:00,7.028,-3.3168
-66.5,2.0,2026-01-01 13:00:00,6.8086,-3.1757
-66.5,2.5,2026-01-01 13:00:00,6.8989,-3.1757
-66.5,3.0,2026-01-01 13:00:00,7.2595,-3.1757
-66.5,3.5,2026-01-01 13:00:00,7.8021,-3.1757
-66.5,4.0,2026-01-01 13:00:00,8.3939,-3.1757
-66.5,4.5,2026-01-01 13:00:00,8.89,-3.1757
-66.5,5.0,2026-01-01 13:00:00,9.1688,-3.1757
-66.5,5.5,2026-01-01 13:00:00,9.1623,-3.1757
-66.5,6.0,2026-01-01 13:00:00,8.8719,-3.1757
-66.0,2.0,2026-01-01 13:00:00,6.8989,-2.7727
-66.0,2.5,2026-01-01 13:00:00,7.2595,-2.7727
-66.0,3.0,2026-01-01 13:00:00,7.8021,-2.7727
-66.0,3.5,2026-01-01 13:00:00,8.3939,-2.7727
-66.0,4.0,2026-01-01 13:00:00,8.89,-2.7727
-66.0,4.5,2026-01-01 13:00:00,9.1688,-2.7727
-66.0,5.0,2026-01-01 13:00:00,9.1623,-2.7727
-66.0,5.5,2026-01-01 13:00:00,8.8719,-2.7727
-66.0,6.0,2026-01-01 13:00:00,8.3687,-2.7727
-65.5,2.0,2026-01-01 13:00:00,7.2595,-3.1042
-65.5,2.5,2026-01-01 13:00:00,7.8021,-3.1042
-65.5,3.0,2026-01-01 13:00:00,8.3939,-3.1042
-65.5,3.5,2026-01-01 13:00:00,8.89,-3.1042
-65.5,4.0,2026-01-01 13:00:00,9.1688,-3.1042
-65.5,4.5,2026-01-01 13:00:00,9.1623,-3.1042
-65.5,5.0,2026-01-01 13:00:00,8.8719,-3.1042
-65.5,5.5,2026-01-01 13:00:00,8.3687,-3.1042
-65.5,6.0,2026-01-01 13:00:00,7.776,-3.1042
-65.0,2.0,2026-01-01 13:00:00,7.8021,-3.8654
-65.0,2.5,2026-01-01 13:00:00,8.3939,-3.8654
-65.0,3.0,2026-01-01 13:00:00,8.89,-3.8654
-65.0,3.5,2026-01-01 13:00:00,9.1688,-3.8654
-65.0,4.0,2026-01-01 13:00:00,9.1623,-3.8654
-65.0,4.5,2026-01-01 13:00:00,8.8719,-3.8654
-65.0,5.0,2026-01-01 13:00:00,8.3687,-3.8654
-65.0,5.5,2026-01-01 13:00:00,7.776,-3.8654
-65.0,6.0,2026-01-01 13:00:00,7.2388,-3.8654
-64.5,2.0,2026-01-01 13:00:00,8.3939,-4.3565
-64.5,2.5,2026-01-01 13:00:00,8.89,-4.3565
-64.5,3.0,2026-01-01 13:00:00,9.1688,-4.3565
-64.5,3.5,2026-01-01 13:00:00,9.1623,-4.3565
-64.5,4.0,2026-01-01 13:00:00,8.8719,-4.3565
-64.5,4.5,2026-01-01 13:00:00,8.3687,-4.3565
-64.5,5.0,2026-01-01 13:00:00,7.776,-4.3565
-64.5,5.5,2026-01-01 13:00:00,7.2388,-4.3565
-64.5,6.0,2026-01-01 13:00:00,6.8888,-4.3565
-64.0,2.0,2026-01-01 13:00:00,8.89,-4.1259
-64.0,2.5,2026-01-01 13:00:00,9.1688,-4.1259
-64.0,3.0,2026-01-01 13:00:00,9.1623,-4.1259
-64.0,3.5,2026-01-01 13:00:00,8.8719,-4.1259
-64.0,4.0,2026-01-01 13:00:00,8.3687,-4.1259
-64.0,4.5,2026-01-01 13:00:00,7.776,-4.1259
-64.0,5.0,2026-01-01 13:00:00,7.2388,-4.1259
-64.0,5.5,2026-01-01 13:00:00,6.8888,-4.1259
-64.0,6.0,2026-01-01 13:00:00,6.8115,-4.1259
-63.5,2.0,2026-01-01 13:00:00,9.1688,-3.3857
-63.5,2.5,2026-01-01 13:00:00,9.1623,-3.3857
-63.5,3.0,2026-01-01 13:00:00,8.8719,-3.3857
-63.5,3.5,2026-01-01 13:00:00,8.3687,-3.3857
-63.5,4.0,2026-01-01 13:00:00,7.776,-3.3857
-63.5,4.5,2026-01-01 13:00:00,7.2388,-3.3857
-63.5,5.0,2026-01-01 13:00:00,6.8888,-3.3857
-63.5,5.5,2026-01-01 13:00:00,6.8115,-3.3857
-63.5,6.0,2026-01-01 13:00:00,7.0259,-3.3857
-66.5,2.0,2026-01-01 14:00:00,6.8375,-3.2037
-66.5,2.5,2026-01-01 14:00:00,6.9277,-3.2037
-66.5,3.0,2026-01-01 14:00:00,7.2883,-3.2037
-66.5,3.5,2026-01-01 14:00:00,7.8309,-3.2037
-66.5,4.0,2026-01-01 14:00:00,8.4227,-3.2037
-66.5,4.5,2026-01-01 14:00:00,8.9188,-3.2037
-66.5,5.0,2026-01-01 14:00:00,9.1977,-3.2037
-66.5,5.5,2026-01-01 14:00:00,9.1911,-3.2037
-66.5,6.0,2026-01-01 14:00:00,8.9007,-3.2037
-66.0,2.0,2026-01-01 14:00:00,6.9277,-2.8007
-66.0,2.5,2026-01-01 14:00:00,7.2883,-2.8007
-66.0,3.0,2026-01-01 14:00:00,7.8309,-2.8007
-66.0,3.5,2026-01-01 14:00:00,8.4227,-2.8007
-66.0,4.0,2026-01-01 14:00:00,8.9188,-2.8007
-66.0,4.5,2026-01-01 14:00:00,9.1977,-2.8007
-66.0,5.0,2026-01-01 14:00:00,9.1911,-2.8007
-66.0,5.5,2026-01-01 14:00:00,8.9007,-2.8007
-66.0,6.0,2026-01-01 14:00:00,8.3975,-2.8007
-65.5,2.0,2026-01-01 14:00:00,7.2883,-3.1322
-65.5,2.5,2026-01-01 14:00:00,7.8309,-3.1322
-65.5,3.0,2026-01-01 14:00:00,8.4227,-3.1322
-65.5,3.5,2026-01-01 14:00:00,8.9188,-3.1322
-65.5,4.0,2026-01-01 14:00:00,9.1977,-3.1322
-65.5,4.5,2026-01-01 14:00:00,9.1911,-3.1322
-65.5,5.0,2026-01-01 14:00:00,8.9007,-3.1322
-65.5,5.5,2026-01-01 14:00:00,8.3975,-3.1322
-65.5,6.0,2026-01-01 14:00:00,7.8048,-3.1322
-65.0,2.0,2026-01-01 14:00:00,7.8309,-3.8934
-65.0,2.5,2026-01-01 14:00:00,8.4227,-3.8934
-65.0,3.0,2026-01-01 14:00:00,8.9188,-3.8934
-65.0,3.5,2026-01-01 14:00:00,9.1977,-3.8934
-65.0,4.0,2026-01-01 14:00:00,9.1911,-3.8934
-65.0,4.5,2026-01-01 14:00:00,8.9007,-3.8934
-65.0,5.0,2026-01-01 14:00:00,8.3975,-3.8934
-65.0,5.5,2026-01-01 14:00:00,7.8048,-3.8934
-65.0,6.0,2026-01-01 14:00:00,7.2677,-3.8934
-64.5,2.0,2026-01-01 14:00:00,8.4227,-4.3845
-64.5,2.5,2026-01-01 14:00:00,8.9188,-4.3845
-64.5,3.0,2026-01-01 14:00:00,9.1977,-4.3845
-64.5,3.5,2026-01-01 14:00:00,9.1911,-4.3845
-64.5,4.0,2026-01-01 14:00:00,8.9007,-4.3845
-64.5,4.5,2026-01-01 14:00:00,8.3975,-4.3845
-64.5,5.0,2026-01-01 14:00:00,7.8048,-4.3845
-64.5,5.5,2026-01-01 14:00:00,7.2677,-4.3845
-64.5,6.0,2026-01-01 14:00:00,6.9176,-4.3845
-64.0,2.0,2026-01-01 14:00:00,8.9188,-4.1539
-64.0,2.5,2026-01-01 14:00:00,9.1977,-4.1539
-64.0,3.0,2026-01-01 14:00:00,9.1911,-4.1539
-64.0,3.5,2026-01-01 14:00:00,8.9007,-4.1539
-64.0,4.0,2026-01-01 14:00:00,8.3975,-4.1539
-64.0,4.5,2026-01-01 14:00:00,7.8048,-4.1539
-64.0,5.0,2026-01-01 14:00:00,7.2677,-4.1539
-64.0,5.5,2026-01-01 14:00:00,6.9176,-4.1539
-64.0,6.0,2026-01-01 14:00:00,6.8403,-4.1539
-63.5,2.0,2026-01-01 14:00:00,9.1977,-3.4137
-63.5,2.5,2026-01-01 14:00:00,9.1911,-3.4137
-63.5,3.0,2026-01-01 14:00:00,8.9007,-3.4137
-63.5,3.5,2026-01-01 14:00:00,8.3975,-3.4137
-63.5,4.0,2026-01-01 14:00:00,7.8048,-3.4137
-63.5,4.5,2026-01-01 14:00:00,7.2677,-3.4137
-63.5,5.0,2026-01-01 14:00:00,6.9176,-3.4137
-63.5,5.5,2026-01-01 14:00:00,6.8403,-3.4137
-63.5,6.0,2026-01-01 14:00:00,7.0547,-3.4137
-66.5,2.0,2026-01-01 15:00:00,6.8954,-3.1877
-66.5,2.5,2026-01-01 15:00:00,6.9857,-3.1877
-66.5,3.0,2026-01-01 15:00:00,7.3463,-3.1877
-66.5,3.5,2026-01-01 15:00:00,7.8889,-3.1877
-66.5,4.0,2026-01-01 15:00:00,8.4807,-3.1877
-66.5,4.5,2026-01-01 15:00:00,8.9767,-3.1877
-66.5,5.0,2026-01-01 15:00:00,9.2556,-3.1877
-66.5,5.5,2026-01-01 15:00:00,9.2491,-3.1877
-66.5,6.0,2026-01-01 15:00:00,8.9586,-3.1877
-66.0,2.0,2026-01-01 15:00:00,6.9857,-2.7847
-66.0,2.5,2026-01-01 15:00:00,7.3463,-2.7847
-66.0,3.0,2026-01-01 15:00:00,7.8889,-2.7847
-66.0,3.5,2026-01-01 15:00:00,8.4807,-2.7847
-66.0,4.0,2026-01-01 15:00:00,8.9767,-2.7847
-66.0,4.5,2026-01-01 15:00:00,9.2556,-2.7847
-66.0,5.0,2026-01-01 15:00:00,9.2491,-2.7847
-66.0,5.5,2026-01-01 15:00:00,8.9586,-2.7847
-66.0,6.0,2026-01-01 15:00:00,8.4555,-2.7847
-65.5,2.0,2026-01-01 15:00:00,7.3463,-3.1162
-65.5,2.5,2026-01-01 15:00:00,7.8889,-3.1162
-65.5,3.0,2026-01-01 15:00:00,8.4807,-3.1162
-65.5,3.5,2026-01-01 15:00:00,8.9767,-3.1162
-65.5,4.0,2026-01-01 15:00:00,9.2556,-3.1162
-65.5,4.5,2026-01-01 15:00:00,9.2491,-3.1162
-65.5,5.0,2026-01-01 15:00:00,8.9586,-3.1162
-65.5,5.5,2026-01-01 15:00:00,8.4555,-3.1162
-65.5,6.0,2026-01-01 15:00:00,7.8628,-3.1162
-65.0,2.0,2026-01-01 15:00:00,7.8889,-3.8774
-65.0,2.5,2026-01-01 15:00:00,8.4807,-3.8774
-65.0,3.0,2026-01-01 15:00:00,8.9767,-3.8774
-65.0,3.5,2026-01-01 15:00:00,9.2556,-3.8774
-65.0,4.0,2026-01-01 15:00:00,9.2491,-3.8774
-65.0,4.5,2026-01-01 15:00:00,8.9586,-3.8774
-65.0,5.0,2026-01-01 15:00:00,8.4555,-3.8774
-65.0,5.5,2026-01-01 15:00:00,7.8628,-3.8774
-65.0,6.0,2026-01-01 15:00:00,7.3256,-3.8774
-64.5,2.0,2026-01-01 15:00:00,8.4807,-4.3685
-64.5,2.5,2026-01-01 15:00:00,8.9767,-4.3685
-64.5,3.0,2026-01-01 15:00:00,9.2556,-4.3685
-64.5,3.5,2026-01-01 15:00:00,9.2491,-4.3685
-64.5,4.0,2026-01-01 15:00:00,8.9586,-4.3685
-64.5,4.5,2026-01-01 15:00:00,8.4555,-4.3685
-64.5,5.0,2026-01-01 15:00:00,7.8628,-4.3685
-64.5,5.5,2026-01-01 15:00:00,7.3256,-4.3685
-64.5,6.0,2026-01-01 15:00:00,6.9756,-4.3685
-64.0,2.0,2026-01-01 15:00:00,8.9767,-4.1379
-64.0,2.5,2026-01-01 15:00:00,9.2556,-4.1379
-64.0,3.0,2026-01-01 15:00:00,9.2491,-4.1379
-64.0,3.5,2026-01-01 15:00:00,8.9586,-4.1379
-64.0,4.0,2026-01-01 15:00:00,8.4555,-4.1379
-64.0,4.5,2026-01-01 15:00:00,7.8628,-4.1379
-64.0,5.0,2026-01-01 15:00:00,7.3256,-4.1379
-64.0,5.5,2026-01-01 15:00:00,6.9756,-4.1379
-64.0,6.0,2026-01-01 15:00:00,6.8983,-4.1379
-63.5,2.0,2026-01-01 15:00:00,9.2556,-3.3977
-63.5,2.5,2026-01-01 15:00:00,9.2491,-3.3977
-63.5,3.0,2026-01-01 15:00:00,8.9586,-3.3977
-63.5,3.5,2026-01-01 15:00:00,8.4555,-3.3977
-63.5,4.0,2026-01-01 15:00:00,7.8628,-3.3977
-63.5,4.5,2026-01-01 15:00:00,7.3256,-3.3977
-63.5,5.0,2026-01-01 15:00:00,6.9756,-3.3977
-63.5,5.5,2026-01-01 15:00:00,6.8983,-3.3977
-63.5,6.0,2026-01-01 15:00:00,7.1127,-3.3977
-66.5,2.0,2026-01-01 16:00:00,6.9789,-3.1294
-66.5,2.5,2026-01-01 16:00:00,7.0691,-3.1294
-66.5,3.0,2026-01-01 16:00:00,7.4297,-3.1294
-66.5,3.5,2026-01-01 16:00:00,7.9724,-3.1294
-66.5,4.0,2026-01-01 16:00:00,8.5641,-3.1294
-66.5,4.5,2026-01-01 16:00:00,9.0602,-3.1294
-66.5,5.0,2026-01-01 16:00:00,9.3391,-3.1294
-66.5,5.5,2026-01-01 16:00:00,9.3325,-3.1294
-66.5,6.0,2026-01-01 16:00:00,9.0421,-3.1294
-66.0,2.0,2026-01-01 16:00:00,7.0691,-2.7265
-66.0,2.5,2026-01-01 16:00:00,7.4297,-2.7265
-66.0,3.0,2026-01-01 16:00:00,7.9724,-2.7265
-66.0,3.5,2026-01-01 16:00:00,8.5641,-2.7265
-66.0,4.0,2026-01-01 16:00:00,9.0602,-2.7265
-66.0,4.5,2026-01-01 16:00:00,9.3391,-2.7265
-66.0,5.0,2026-01-01 16:00:00,9.3325,-2.7265
-66.0,5.5,2026-01-01 16:00:00,9.0421,-2.7265
-66.0,6.0,2026-01-01 16:00:00,8.539,-2.7265
-65.5,2.0,2026-01-01 16:00:00,7.4297,-3.058
-65.5,2.5,2026-01-01 16:00:00,7.9724,-3.058
-65.5,3.0,2026-01-01 16:00:00,8.5641,-3.058
-65.5,3.5,2026-01-01 16:00:00,9.0602,-3.058
-65.5,4.0,2026-01-01 16:00:00,9.3391,-3.058
-65.5,4.5,2026-01-01 16:00:00,9.3325,-3.058
-65.5,5.0,2026-01-01 16:00:00,9.0421,-3.058
-65.5,5.5,2026-01-01 16:00:00,8.539,-3.058
-65.5,6.0,2026-01-01 16:00:00,7.9462,-3.058
-65.0,2.0,2026-01-01 16:00:00,7.9724,-3.8192
-65.0,2.5,2026-01-01 16:00:00,8.5641,-3.8192
-65.0,3.0,2026-01-01 16:00:00,9.0602,-3.8192
-65.0,3.5,2026-01-01 16:00:00,9.3391,-3.8192
-65.0,4.0,2026-01-01 16:00:00,9.3325,-3.8192
-65.0,4.5,2026-01-01 16:00:00,9.0421,-3.8192
-65.0,5.0,2026-01-01 16:00:00,8.539,-3.8192
-65.0,5.5,2026-01-01 16:00:00,7.9462,-3.8192
-65.0,6.0,2026-01-01 16:00:00,7.4091,-3.8192
-64.5,2.0,2026-01-01 16:00:00,8.5641,-4.3102
-64.5,2.5,2026-01-01 16:00:00,9.0602,-4.3102
-64.5,3.0,2026-01-01 16:00:00,9.3391,-4.3102
-64.5,3.5,2026-01-01 16:00:00,9.3325,-4.3102
-64.5,4.0,2026-01-01 16:00:00,9.0421,-4.3102
-64.5,4.5,2026-01-01 16:00:00,8.539,-4.3102
-64.5,5.0,2026-01-01 16:00:00,7.9462,-4.3102
-64.5,5.5,2026-01-01 16:00:00,7.4091,-4.3102
-64.5,6.0,2026-01-01 16:00:00,7.059,-4.3102
-64.0,2.0,2026-01-01 16:00:00,9.0602,-4.0796
-64.0,2.5,2026-01-01 16:00:00,9.3391,-4.0796
-64.0,3.0,2026-01-01 16:00:00,9.3325,-4.0796
-64.0,3.5,2026-01-01 16:00:00,9.0421,-4.0796
-64.0,4.0,2026-01-01 16:00:00,8.539,-4.0796
-64.0,4.5,2026-01-01 16:00:00,7.9462,-4.0796
-64.0,5.0,2026-01-01 16:00:00,7.4091,-4.0796
-64.0,5.5,2026-01-01 16:00:00,7.059,-4.0796
-64.0,6.0,2026-01-01 16:00:00,6.9817,-4.0796
-63.5,2.0,2026-01-01 16:00:00,9.3391,-3.3394
-63.5,2.5,2026-01-01 16:00:00,9.3325,-3.3394
-63.5,3.0,2026-01-01 16:00:00,9.0421,-3.3394
-63.5,3.5,2026-01-01 16:00:00,8.539,-3.3394
-63.5,4.0,2026-01-01 16:00:00,7.9462,-3.3394
-63.5,4.5,2026-01-01 16:00:00,7.4091,-3.3394
-63.5,5.0,2026-01-01 16:00:00,7.059,-3.3394
-63.5,5.5,2026-01-01 16:00:00,6.9817,-3.3394
-63.5,6.0,2026-01-01 16:00:00,7.1962,-3.3394
-66.5,2.0,2026-01-01 17:00:00,7.0826,-3.0354
-66.5,2.5,2026-01-01 17:00:00,7.1729,-3.0354
-66.5,3.0,2026-01-01 17:00:00,7.5335,-3.0354
-66.5,3.5,2026-01-01 17:00:00,8.0761,-3.0354
-66.5,4.0,2026-01-01 17:00:00,8.6679,-3.0354
-66.5,4.5,2026-01-01 17:00:00,9.164,-3.0354
-66.5,5.0,2026-01-01 17:00:00,9.4429,-3.0354
-66.5,5.5,2026-01-01 17:00:00,9.4363,-3.0354
-66.5,6.0,2026-01-01 17:00:00,9.1459,-3.0354
-66.0,2.0,2026-01-01 17:00:00,7.1729,-2.6324
-66.0,2.5,2026-01-01 17:00:00,7.5335,-2.6324
-66.0,3.0,2026-01-01 17:00:00,8.0761,-2.6324
-66.0,3.5,2026-01-01 17:00:00,8.6679,-2.6324
-66.0,4.0,2026-01-01 17:00:00,9.164,-2.6324
-66.0,4.5,2026-01-01 17:00:00,9.4429,-2.6324
-66.0,5.0,2026-01-01 17:00:00,9.4363,-2.6324
-66.0,5.5,2026-01-01 17:00:00,9.1459,-2.6324
-66.0,6.0,2026-01-01 17:00:00,8.6427,-2.6324
-65.5,2.0,2026-01-01 17:00:00,7.5335,-2.9639
-65.5,2.5,2026-01-01 17:00:00,8.0761,-2.9639
-65.5,3.0,2026-01-01 17:00:00,8.6679,-2.9639
-65.5,3.5,2026-01-01 17:00:00,9.164,-2.9639
-65.5,4.0,2026-01-01 17:00:00,9.4429,-2.9639
-65.5,4.5,2026-01-01 17:00:00,9.4363,-2.9639
-65.5,5.0,2026-01-01 17:00:00,9.1459,-2.9639
-65.5,5.5,2026-01-01 17:00:00,8.6427,-2.9639
-65.5,6.0,2026-01-01 17:00:00,8.05,-2.9639
-65.0,2.0,2026-01-01 17:00:00,8.0761,-3.7251
-65.0,2.5,2026-01-01 17:00:00,8.6679,-3.7251
-65.0,3.0,2026-01-01 17:00:00,9.164,-3.7251
-65.0,3.5,2026-01-01 17:00:00,9.4429,-3.7251
-65.0,4.0,2026-01-01 17:00:00,9.4363,-3.7251
-65.0,4.5,2026-01-01 17:00:00,9.1459,-3.7251
-65.0,5.0,2026-01-01 17:00:00,8.6427,-3.7251
-65.0,5.5,2026-01-01 17:00:00,8.05,-3.7251
-65.0,6.0,2026-01-01 17:00:00,7.5129,-3.7251
-64.5,2.0,2026-01-01 17:00:00,8.6679,-4.2162
-64.5,2.5,2026-01-01 17:00:00,9.164,-4.2162
-64.5,3.0,2026-01-01 17:00:00,9.4429,-4.2162
-64.5,3.5,2026-01-01 17:00:00,9.4363,-4.2162
-64.5,4.0,2026-01-01 17:00:00,9.1459,-4.2162
-64.5,4.5,2026-01-01 17:00:00,8.6427,-4.2162
-64.5,5.0,2026-01-01 17:00:00,8.05,-4.2162
-64.5,5.5,2026-01-01 17:00:00,7.5129,-4.2162
-64.5,6.0,2026-01-01 17:00:00,7.1628,-4.2162
-64.0,2.0,2026-01-01 17:00:00,9.164,-3.9856
-64.0,2.5,2026-01-01 17:00:00,9.4429,-3.9856
-64.0,3.0,2026-01-01 17:00:00,9.4363,-3.9856
-64.0,3.5,2026-01-01 17:00:00,9.1459,-3.9856
-64.0,4.0,2026-01-01 17:00:00,8.6427,-3.9856
-64.0,4.5,2026-01-01 17:00:00,8.05,-3.9856
-64.0,5.0,2026-01-01 17:00:00,7.5129,-3.9856
-64.0,5.5,2026-01-01 17:00:00,7.1628,-3.9856
-64.0,6.0,2026-01-01 17:00:00,7.0855,-3.9856
-63.5,2.0,2026-01-01 17:00:00,9.4429,-3.2454
-63.5,2.5,2026-01-01 17:00:00,9.4363,-3.2454
-63.5,3.0,2026-01-01 17:00:00,9.1459,-3.2454
-63.5,3.5,2026-01-01 17:00:00,8.6427,-3.2454
-63.5,4.0,2026-01-01 17:00:00,8.05,-3.2454
-63.5,4.5,2026-01-01 17:00:00,7.5129,-3.2454
-63.5,5.0,2026-01-01 17:00:00,7.1628,-3.2454
-63.5,5.5,2026-01-01 17:00:00,7.0855,-3.2454
-63.5,6.0,2026-01-01 17:00:00,7.2999,-3.2454
-66.5,2.0,2026-01-01 18:00:00,7.2003,-2.9159
-66.5,2.5,2026-01-01 18:00:00,7.2906,-2.9159
-66.5,3.0,2026-01-01 18:00:00,7.6512,-2.9159
-66.5,3.5,2026-01-01 18:00:00,8.1938,-2.9159
-66.5,4.0,2026-01-01 18:00:00,8.7856,-2.9159
-66.5,4.5,2026-01-01 18:00:00,9.2816,-2.9159
-66.5,5.0,2026-01-01 18:00:00,9.5605,-2.9159
-66.5,5.5,2026-01-01 18:00:00,9.5539,-2.9159
-66.5,6.0,2026-01-01 18:00:00,9.2635,-2.9159
-66.0,2.0,2026-01-01 18:00:00,7.2906,-2.5129
-66.0,2.5,2026-01-01 18:00:00,7.6512,-2.5129
-66.0,3.0,2026-01-01 18:00:00,8.1938,-2.5129
-66.0,3.5,2026-01-01 18:00:00,8.7856,-2.5129
-66.0,4.0,2026-01-01 18:00:00,9.2816,-2.5129
-66.0,4.5,2026-01-01 18:00:00,9.5605,-2.5129
-66.0,5.0,2026-01-01 18:00:00,9.5539,-2.5129
-66.0,5.5,2026-01-01 18:00:00,9.2635,-2.5129
-66.0,6.0,2026-01-01 18:00:00,8.7604,-2.5129
-65.5,2.0,2026-01-01 18:00:00,7.6512,-2.8444
-65.5,2.5,2026-01-01 18:00:00,8.1938,-2.8444
-65.5,3.0,2026-01-01 18:00:00,8.7856,-2.8444
-65.5,3.5,2026-01-01 18:00:00,9.2816,-2.8444
-65.5,4.0,2026-01-01 18:00:00,9.5605,-2.8444
-65.5,4.5,2026-01-01 18:00:00,9.5539,-2.8444
-65.5,5.0,2026-01-01 18:00:00,9.2635,-2.8444
-65.5,5.5,2026-01-01 18:00:00,8.7604,-2.8444
-65.5,6.0,2026-01-01 18:00:00,8.1677,-2.8444
-65.0,2.0,2026-01-01 18:00:00,8.1938,-3.6056
-65.0,2.5,2026-01-01 18:00:00,8.7856,-3.6056
-65.0,3.0,2026-01-01 18:00:00,9.2816,-3.6056
-65.0,3.5,2026-01-01 18:00:00,9.5605,-3.6056
-65.0,4.0,2026-01-01 18:00:00,9.5539,-3.6056
-65.0,4.5,2026-01-01 18:00:00,9.2635,-3.6056
-65.0,5.0,2026-01-01 18:00:00,8.7604,-3.6056
-65.0,5.5,2026-01-01 18:00:00,8.1677,-3.6056
-65.0,6.0,2026-01-01 18:00:00,7.6305,-3.6056
-64.5,2.0,2026-01-01 18:00:00,8.7856,-4.0967
-64.5,2.5,2026-01-01 18:00:00,9.2816,-4.0967
-64.5,3.0,2026-01-01 18:00:00,9.5605,-4.0967
-64.5,3.5,2026-01-01 18:00:00,9.5539,-4.0967
-64.5,4.0,2026-01-01 18:00:00,9.2635,-4.0967
-64.5,4.5,2026-01-01 18:00:00,8.7604,-4.0967
-64.5,5.0,2026-01-01 18:00:00,8.1677,-4.0967
-64.5,5.5,2026-01-01 18:00:00,7.6305,-4.0967
-64.5,6.0,2026-01-01 18:00:00,7.2804,-4.0967
-64.0,2.0,2026-01-01 18:00:00,9.2816,-3.8661
-64.0,2.5,2026-01-01 18:00:00,9.5605,-3.8661
-64.0,3.0,2026-01-01 18:00:00,9.5539,-3.8661
-64.0,3.5,2026-01-01 18:00:00,9.2635,-3.8661
-64.0,4.0,2026-01-01 18:00:00,8.7604,-3.8661
-64.0,4.5,2026-01-01 18:00:00,8.1677,-3.8661
-64.0,5.0,2026-01-01 18:00:00,7.6305,-3.8661
-64.0,5.5,2026-01-01 18:00:00,7.2804,-3.8661
-64.0,6.0,2026-01-01 18:00:00,7.2032,-3.8661
-63.5,2.0,2026-01-01 18:00:00,9.5605,-3.1259
-63.5,2.5,2026-01-01 18:00:00,9.5539,-3.1259
-63.5,3.0,2026-01-01 18:00:00,9.2635,-3.1259
-63.5,3.5,2026-01-01 18:00:00,8.7604,-3.1259
-63.5,4.0,2026-01-01 18:00:00,8.1677,-3.1259
-63.5,4.5,2026-01-01 18:00:00,7.6305,-3.1259
-63.5,5.0,2026-01-01 18:00:00,7.2804,-3.1259
-63.5,5.5,2026-01-01 18:00:00,7.2032,-3.1259
-63.5,6.0,2026-01-01 18:00:00,7.4176,-3.1259
-66.5,2.0,2026-01-01 19:00:00,7.3245,-2.7841
-66.5,2.5,2026-01-01 19:00:00,7.4148,-2.7841
-66.5,3.0,2026-01-01 19:00:00,7.7754,-2.7841
-66.5,3.5,2026-01-01 19:00:00,8.318,-2.7841
-66.5,4.0,2026-01-01 19:00:00,8.9098,-2.7841
-66.5,4.5,2026-01-01 19:00:00,9.4058,-2.7841
-66.5,5.0,2026-01-01 19:00:00,9.6847,-2.7841
-66.5,5.5,2026-01-01 19:00:00,9.6781,-2.7841
-66.5,6.0,2026-01-01 19:00:00,9.3877,-2.7841
-66.0,2.0,2026-01-01 19:00:00,7.4148,-2.3811
-66.0,2.5,2026-01-01 19:00:00,7.7754,-2.3811
-66.0,3.0,2026-01-01 19:00:00,8.318,-2.3811
-66.0,3.5,2026-01-01 19:00:00,8.9098,-2.3811
-66.0,4.0,2026-01-01 19:00:00,9.4058,-2.3811
-66.0,4.5,2026-01-01 19:00:00,9.6847,-2.3811
-66.0,5.0,2026-01-01 19:00:00,9.6781,-2.3811
-66.0,5.5,2026-01-01 19:00:00,9.3877,-2.3811
-66.0,6.0,2026-01-01 19:00:00,8.8846,-2.3811
-65.5,2.0,2026-01-01 19:00:00,7.7754,-2.7126
-65.5,2.5,2026-01-01 19:00:00,8.318,-2.7126
-65.5,3.0,2026-01-01 19:00:00,8.9098,-2.7126
-65.5,3.5,2026-01-01 19:00:00,9.4058,-2.7126
-65.5,4.0,2026-01-01 19:00:00,9.6847,-2.7126
-65.5,4.5,2026-01-01 19:00:00,9.6781,-2.7126
-65.5,5.0,2026-01-01 19:00:00,9.3877,-2.7126
-65.5,5.5,2026-01-01 19:00:00,8.8846,-2.7126
-65.5,6.0,2026-01-01 19:00:00,8.2919,-2.7126
-65.0,2.0,2026-01-01 19:00:00,8.318,-3.4738
-65.0,2.5,2026-01-01 19:00:00,8.9098,-3.4738
-65.0,3.0,2026-01-01 19:00:00,9.4058,-3.4738
-65.0,3.5,2026-01-01 19:00:00,9.6847,-3.4738
-65.0,4.0,2026-01-01 19:00:00,9.6781,-3.4738
-65.0,4.5,2026-01-01 19:00:00,9.3877,-3.4738
-65.0,5.0,2026-01-01 19:00:00,8.8846,-3.4738
-65.0,5.5,2026-01-01 19:00:00,8.2919,-3.4738
-65.0,6.0,2026-01-01 19:00:00,7.7547,-3.4738
-64.5,2.0,2026-01-01 19:00:00,8.9098,-3.9648
-64.5,2.5,2026-01-01 19:00:00,9.4058,-3.9648
-64.5,3.0,2026-01-01 19:00:00,9.6847,-3.9648
-64.5,3.5,2026-01-01 19:00:00,9.6781,-3.9648
-64.5,4.0,2026-01-01 19:00:00,9.3877,-3.9648
-64.5,4.5,2026-01-01 19:00:00,8.8846,-3.9648
-64.5,5.0,2026-01-01 19:00:00,8.2919,-3.9648
-64.5,5.5,2026-01-01 19:00:00,7.7547,-3.9648
-64.5,6.0,2026-01-01 19:00:00,7.4046,-3.9648
-64.0,2.0,2026-01-01 19:00:00,9.4058,-3.7343
-64.0,2.5,2026-01-01 19:00:00,9.6847,-3.7343
-64.0,3.0,2026-01-01 19:00:00,9.6781,-3.7343
-64.0,3.5,2026-01-01 19:00:00,9.3877,-3.7343
-64.0,4.0,2026-01-01 19:00:00,8.8846,-3.7343
-64.0,4.5,2026-01-01 19:00:00,8.2919,-3.7343
-64.0,5.0,2026-01-01 19:00:00,7.7547,-3.7343
-64.0,5.5,2026-01-01 19:00:00,7.4046,-3.7343
-64.0,6.0,2026-01-01 19:00:00,7.3274,-3.7343
-63.5,2.0,2026-01-01 19:00:00,9.6847,-2.9941
-63.5,2.5,2026-01-01 19:00:00,9.6781,-2.9941
-63.5,3.0,2026-01-01 19:00:00,9.3877,-2.9941
-63.5,3.5,2026-01-01 19:00:00,8.8846,-2.9941
-63.5,4.0,2026-01-01 19:00:00,8.2919,-2.9941
-63.5,4.5,2026-01-01 19:00:00,7.7547,-2.9941
-63.5,5.0,2026-01-01 19:00:00,7.4046,-2.9941
-63.5,5.5,2026-01-01 19:00:00,7.3274,-2.9941
-63.5,6.0,2026-01-01 19:00:00,7.5418,-2.9941
-66.5,2.0,2026-01-01 20:00:00,7.4475,-2.6544
-66.5,2.5,2026-01-01 20:00:00,7.5378,-2.6544
-66.5,3.0,2026-01-01 20:00:00,7.8984,-2.6544
-66.5,3.5,2026-01-01 20:00:00,8.441,-2.6544
-66.5,4.0,2026-01-01 20:00:00,9.0328,-2.6544
-66.5,4.5,2026-01-01 20:00:00,9.5288,-2.6544
-66.5,5.0,2026-01-01 20:00:00,9.8077,-2.6544
-66.5,5.5,2026-01-01 20:00:00,9.8012,-2.6544
-66.5,6.0,2026-01-01 20:00:00,9.5108,-2.6544
-66.0,2.0,2026-01-01 20:00:00,7.5378,-2.2515
-66.0,2.5,2026-01-01 20:00:00,7.8984,-2.2515
-66.0,3.0,2026-01-01 20:00:00,8.441,-2.2515
-66.0,3.5,2026-01-01 20:00:00,9.0328,-2.2515
-66.0,4.0,2026-01-01 20:00:00,9.5288,-2.2515
-66.0,4.5,2026-01-01 20:00:00,9.8077,-2.2515
-66.0,5.0,2026-01-01 20:00:00,9.8012,-2.2515
-66.0,5.5,2026-01-01 20:00:00,9.5108,-2.2515
-66.0,6.0,2026-01-01 20:00:00,9.0076,-2.2515
-65.5,2.0,2026-01-01 20:00:00,7.8984,-2.583
-65.5,2.5,2026-01-01 20:00:00,8.441,-2.583
-65.5,3.0,2026-01-01 20:00:00,9.0328,-2.583
-65.5,3.5,2026-01-01 20:00:00,9.5288,-2.583
-65.5,4.0,2026-01-01 20:00:00,9.8077,-2.583
-65.5,4.5,2026-01-01 20:00:00,9.8012,-2.583
-65.5,5.0,2026-01-01 20:00:00,9.5108,-2.583
-65.5,5.5,2026-01-01 20:00:00,9.0076,-2.583
-65.5,6.0,2026-01-01 20:00:00,8.4149,-2.583
-65.0,2.0,2026-01-01 20:00:00,8.441,-3.3442
-65.0,2.5,2026-01-01 20:00:00,9.0328,-3.3442
-65.0,3.0,2026-01-01 20:00:00,9.5288,-3.3442
-65.0,3.5,2026-01-01 20:00:00,9.8077,-3.3442
-65.0,4.0,2026-01-01 20:00:00,9.8012,-3.3442
-65.0,4.5,2026-01-01 20:00:00,9.5108,-3.3442
-65.0,5.0,2026-01-01 20:00:00,9.0076,-3.3442
-65.0,5.5,2026-01-01 20:00:00,8.4149,-3.3442
-65.0,6.0,2026-01-01 20:00:00,7.8777,-3.3442
-64.5,2.0,2026-01-01 20:00:00,9.0328,-3.8352
-64.5,2.5,2026-01-01 20:00:00,9.5288,-3.8352
-64.5,3.0,2026-01-01 20:00:00,9.8077,-3.8352
-64.5,3.5,2026-01-01 20:00:00,9.8012,-3.8352
-64.5,4.0,2026-01-01 20:00:00,9.5108,-3.8352
-64.5,4.5,2026-01-01 20:00:00,9.0076,-3.8352
-64.5,5.0,2026-01-01 20:00:00,8.4149,-3.8352
-64.5,5.5,2026-01-01 20:00:00,7.8777,-3.8352
-64.5,6.0,2026-01-01 20:00:00,7.5277,-3.8352
-64.0,2.0,2026-01-01 20:00:00,9.5288,-3.6047
-64.0,2.5,2026-01-01 20:00:00,9.8077,-3.6047
-64.0,3.0,2026-01-01 20:00:00,9.8012,-3.6047
-64.0,3.5,2026-01-01 20:00:00,9.5108,-3.6047
-64.0,4.0,2026-01-01 20:00:00,9.0076,-3.6047
-64.0,4.5,2026-01-01 20:00:00,8.4149,-3.6047
-64.0,5.0,2026-01-01 20:00:00,7.8777,-3.6047
-64.0,5.5,2026-01-01 20:00:00,7.5277,-3.6047
-64.0,6.0,2026-01-01 20:00:00,7.4504,-3.6047
-63.5,2.0,2026-01-01 20:00:00,9.8077,-2.8645
-63.5,2.5,2026-01-01 20:00:00,9.8012,-2.8645
-63.5,3.0,2026-01-01 20:00:00,9.5108,-2.8645
-63.5,3.5,2026-01-01 20:00:00,9.0076,-2.8645
-63.5,4.0,2026-01-01 20:00:00,8.4149,-2.8645
-63.5,4.5,2026-01-01 20:00:00,7.8777,-2.8645
-63.5,5.0,2026-01-01 20:00:00,7.5277,-2.8645
-63.5,5.5,2026-01-01 20:00:00,7.4504,-2.8645
-63.5,6.0,2026-01-01 20:00:00,7.6648,-2.8645
-66.5,2.0,2026-01-01 21:00:00,7.5617,-2.5413
-66.5,2.5,2026-01-01 21:00:00,7.652,-2.5413
-66.5,3.0,2026-01-01 21:00:00,8.0126,-2.5413
-66.5,3.5,2026-01-01 21:00:00,8.5552,-2.5413
-66.5,4.0,2026-01-01 21:00:00,9.147,-2.5413
-66.5,4.5,2026-01-01 21:00:00,9.6431,-2.5413
-66.5,5.0,2026-01-01 21:00:00,9.9219,-2.5413
-66.5,5.5,2026-01-01 21:00:00,9.9154,-2.5413
-66.5,6.0,2026-01-01 21:00:00,9.625,-2.5413
-66.0,2.0,2026-01-01 21:00:00,7.652,-2.1383
-66.0,2.5,2026-01-01 21:00:00,8.0126,-2.1383
-66.0,3.0,2026-01-01 21:00:00,8.5552,-2.1383
-66.0,3.5,2026-01-01 21:00:00,9.147,-2.1383
-66.0,4.0,2026-01-01 21:00:00,9.6431,-2.1383
-66.0,4.5,2026-01-01 21:00:00,9.9219,-2.1383
-66.0,5.0,2026-01-01 21:00:00,9.9154,-2.1383
-66.0,5.5,2026-01-01 21:00:00,9.625,-2.1383
-66.0,6.0,2026-01-01 21:00:00,9.1218,-2.1383
-65.5,2.0,2026-01-01 21:00:00,8.0126,-2.4698
-65.5,2.5,2026-01-01 21:00:00,8.5552,-2.4698
-65.5,3.0,2026-01-01 21:00:00,9.147,-2.4698
-65.5,3.5,2026-01-01 21:00:00,9.6431,-2.4698
-65.5,4.0,2026-01-01 21:00:00,9.9219,-2.4698
-65.5,4.5,2026-01-01 21:00:00,9.9154,-2.4698
-65.5,5.0,2026-01-01 21:00:00,9.625,-2.4698
-65.5,5.5,2026-01-01 21:00:00,9.1218,-2.4698
-65.5,6.0,2026-01-01 21:00:00,8.5291,-2.4698
-65.0,2.0,2026-01-01 21:00:00,8.5552,-3.231
-65.0,2.5,2026-01-01 21:00:00,9.147,-3.231
-65.0,3.0,2026-01-01 21:00:00,9.6431,-3.231
-65.0,3.5,2026-01-01 21:00:00,9.9219,-3.231
-65.0,4.0,2026-01-01 21:00:00,9.9154,-3.231
-65.0,4.5,2026-01-01 21:00:00,9.625,-3.231
-65.0,5.0,2026-01-01 21:00:00,9.1218,-3.231
-65.0,5.5,2026-01-01 21:00:00,8.5291,-3.231
-65.0,6.0,2026-01-01 21:00:00,7.992,-3.231
-64.5,2.0,2026-01-01 21:00:00,9.147,-3.7221
-64.5,2.5,2026-01-01 21:00:00,9.6431,-3.7221
-64.5,3.0,2026-01-01 21:00:00,9.9219,-3.7221
-64.5,3.5,2026-01-01 21:00:00,9.9154,-3.7221
-64.5,4.0,2026-01-01 21:00:00,9.625,-3.7221
-64.5,4.5,2026-01-01 21:00:00,9.1218,-3.7221
-64.5,5.0,2026-01-01 21:00:00,8.5291,-3.7221
-64.5,5.5,2026-01-01 21:00:00,7.992,-3.7221
-64.5,6.0,2026-01-01 21:00:00,7.6419,-3.7221
-64.0,2.0,2026-01-01 21:00:00,9.6431,-3.4915
-64.0,2.5,2026-01-01 21:00:00,9.9219,-3.4915
-64.0,3.0,2026-01-01 21:00:00,9.9154,-3.4915
-64.0,3.5,2026-01-01 21:00:00,9.625,-3.4915
-64.0,4.0,2026-01-01 21:00:00,9.1218,-3.4915
-64.0,4.5,2026-01-01 21:00:00,8.5291,-3.4915
-64.0,5.0,2026-01-01 21:00:00,7.992,-3.4915
-64.0,5.5,2026-01-01 21:00:00,7.6419,-3.4915
-64.0,6.0,2026-01-01 21:00:00,7.5646,-3.4915
-63.5,2.0,2026-01-01 21:00:00,9.9219,-2.7513
-63.5,2.5,2026-01-01 21:00:00,9.9154,-2.7513
-63.5,3.0,2026-01-01 21:00:00,9.625,-2.7513
-63.5,3.5,2026-01-01 21:00:00,9.1218,-2.7513
-63.5,4.0,2026-01-01 21:00:00,8.5291,-2.7513
-63.5,4.5,2026-01-01 21:00:00,7.992,-2.7513
-63.5,5.0,2026-01-01 21:00:00,7.6419,-2.7513
-63.5,5.5,2026-01-01 21:00:00,7.5646,-2.7513
-63.5,6.0,2026-01-01 21:00:00,7.779,-2.7513
-66.5,2.0,2026-01-01 22:00:00,7.66,-2.4571
-66.5,2.5,2026-01-01 22:00:00,7.7503,-2.4571
-66.5,3.0,2026-01-01 22:00:00,8.1109,-2.4571
-66.5,3.5,2026-01-01 22:00:00,8.6535,-2.4571
-66.5,4.0,2026-01-01 22:00:00,9.2453,-2.4571
-66.5,4.5,2026-01-01 22:00:00,9.7414,-2.4571
-66.5,5.0,2026-01-01 22:00:00,10.0202,-2.4571
-66.5,5.5,2026-01-01 22:00:00,10.0137,-2.4571
-66.5,6.0,2026-01-01 22:00:00,9.7233,-2.4571
-66.0,2.0,2026-01-01 22:00:00,7.7503,-2.0541
-66.0,2.5,2026-01-01 22:00:00,8.1109,-2.0541
-66.0,3.0,2026-01-01 22:00:00,8.6535,-2.0541
-66.0,3.5,2026-01-01 22:00:00,9.2453,-2.0541
-66.0,4.0,2026-01-01 22:00:00,9.7414,-2.0541
-66.0,4.5,2026-01-01 22:00:00,10.0202,-2.0541
-66.0,5.0,2026-01-01 22:00:00,10.0137,-2.0541
-66.0,5.5,2026-01-01 22:00:00,9.7233,-2.0541
-66.0,6.0,2026-01-01 22:00:00,9.2201,-2.0541
-65.5,2.0,2026-01-01 22:00:00,8.1109,-2.3856
-65.5,2.5,2026-01-01 22:00:00,8.6535,-2.3856
-65.5,3.0,2026-01-01 22:00:00,9.2453,-2.3856
-65.5,3.5,2026-01-01 22:00:00,9.7414,-2.3856
-65.5,4.0,2026-01-01 22:00:00,10.0202,-2.3856
-65.5,4.5,2026-01-01 22:00:00,10.0137,-2.3856
-65.5,5.0,2026-01-01 22:00:00,9.7233,-2.3856
-65.5,5.5,2026-01-01 22:00:00,9.2201,-2.3856
-65.5,6.0,2026-01-01 22:00:00,8.6274,-2.3856
-65.0,2.0,2026-01-01 22:00:00,8.6535,-3.1468
-65.0,2.5,2026-01-01 22:00:00,9.2453,-3.1468
-65.0,3.0,2026-01-01 22:00:00,9.7414,-3.1468
-65.0,3.5,2026-01-01 22:00:00,10.0202,-3.1468
-65.0,4.0,2026-01-01 22:00:00,10.0137,-3.1468
-65.0,4.5,2026-01-01 22:00:00,9.7233,-3.1468
-65.0,5.0,2026-01-01 22:00:00,9.2201,-3.1468
-65.0,5.5,2026-01-01 22:00:00,8.6274,-3.1468
-65.0,6.0,2026-01-01 22:00:00,8.0902,-3.1468
-64.5,2.0,2026-01-01 22:00:00,9.2453,-3.6379
-64.5,2.5,2026-01-01 22:00:00,9.7414,-3.6379
-64.5,3.0,2026-01-01 22:00:00,10.0202,-3.6379
-64.5,3.5,2026-01-01 22:00:00,10.0137,-3.6379
-64.5,4.0,2026-01-01 22:00:00,9.7233,-3.6379
-64.5,4.5,2026-01-01 22:00:00,9.2201,-3.6379
-64.5,5.0,2026-01-01 22:00:00,8.6274,-3.6379
-64.5,5.5,2026-01-01 22:00:00,8.0902,-3.6379
-64.5,6.0,2026-01-01 22:00:00,7.7402,-3.6379
-64.0,2.0,2026-01-01 22:00:00,9.7414,-3.4073
-64.0,2.5,2026-01-01 22:00:00,10.0202,-3.4073
-64.0,3.0,2026-01-01 22:00:00,10.0137,-3.4073
-64.0,3.5,2026-01-01 22:00:00,9.7233,-3.4073
-64.0,4.0,2026-01-01 22:00:00,9.2201,-3.4073
-64.0,4.5,2026-01-01 22:00:00,8.6274,-3.4073
-64.0,5.0,2026-01-01 22:00:00,8.0902,-3.4073
-64.0,5.5,2026-01-01 22:00:00,7.7402,-3.4073
-64.0,6.0,2026-01-01 22:00:00,7.6629,-3.4073
-63.5,2.0,2026-01-01 22:00:00,10.0202,-2.6671
-63.5,2.5,2026-01-01 22:00:00,10.0137,-2.6671
-63.5,3.0,2026-01-01 22:00:00,9.7233,-2.6671
-63.5,3.5,2026-01-01 22:00:00,9.2201,-2.6671
-63.5,4.0,2026-01-01 22:00:00,8.6274,-2.6671
-63.5,4.5,2026-01-01 22:00:00,8.0902,-2.6671
-63.5,5.0,2026-01-01 22:00:00,7.7402,-2.6671
-63.5,5.5,2026-01-01 22:00:00,7.6629,-2.6671
-63.5,6.0,2026-01-01 22:00:00,7.8773,-2.6671
-66.5,2.0,2026-01-01 23:00:00,7.7363,-2.4111
-66.5,2.5,2026-01-01 23:00:00,7.8266,-2.4111
-66.5,3.0,2026-01-01 23:00:00,8.1872,-2.4111
-66.5,3.5,2026-01-01 23:00:00,8.7298,-2.4111
-66.5,4.0,2026-01-01 23:00:00,9.3216,-2.4111
-66.5,4.5,2026-01-01 23:00:00,9.8176,-2.4111
-66.5,5.0,2026-01-01 23:00:00,10.0965,-2.4111
-66.5,5.5,2026-01-01 23:00:00,10.0899,-2.4111
-66.5,6.0,2026-01-01 23:00:00,9.7995,-2.4111
-66.0,2.0,2026-01-01 23:00:00,7.8266,-2.0081
-66.0,2.5,2026-01-01 23:00:00,8.1872,-2.0081
-66.0,3.0,2026-01-01 23:00:00,8.7298,-2.0081
-66.0,3.5,2026-01-01 23:00:00,9.3216,-2.0081
-66.0,4.0,2026-01-01 23:00:00,9.8176,-2.0081
-66.0,4.5,2026-01-01 23:00:00,10.0965,-2.0081
-66.0,5.0,2026-01-01 23:00:00,10.0899,-2.0081
-66.0,5.5,2026-01-01 23:00:00,9.7995,-2.0081
-66.0,6.0,2026-01-01 23:00:00,9.2964,-2.0081
-65.5,2.0,2026-01-01 23:00:00,8.1872,-2.3396
-65.5,2.5,2026-01-01 23:00:00,8.7298,-2.3396
-65.5,3.0,2026-01-01 23:00:00,9.3216,-2.3396
-65.5,3.5,2026-01-01 23:00:00,9.8176,-2.3396
-65.5,4.0,2026-01-01 23:00:00,10.0965,-2.3396
-65.5,4.5,2026-01-01 23:00:00,10.0899,-2.3396
-65.5,5.0,2026-01-01 23:00:00,9.7995,-2.3396
-65.5,5.5,2026-01-01 23:00:00,9.2964,-2.3396
-65.5,6.0,2026-01-01 23:00:00,8.7037,-2.3396
-65.0,2.0,2026-01-01 23:00:00,8.7298,-3.1008
-65.0,2.5,2026-01-01 23:00:00,9.3216,-3.1008
-65.0,3.0,2026-01-01 23:00:00,9.8176,-3.1008
-65.0,3.5,2026-01-01 23:00:00,10.0965,-3.1008
-65.0,4.0,2026-01-01 23:00:00,10.0899,-3.1008
-65.0,4.5,2026-01-01 23:00:00,9.7995,-3.1008
-65.0,5.0,2026-01-01 23:00:00,9.2964,-3.1008
-65.0,5.5,2026-01-01 23:00:00,8.7037,-3.1008
-65.0,6.0,2026-01-01 23:00:00,8.1665,-3.1008
-64.5,2.0,2026-01-01 23:00:00,9.3216,-3.5919
-64.5,2.5,2026-01-01 23:00:00,9.8176,-3.5919
-64.5,3.0,2026-01-01 23:00:00,10.0965,-3.5919
-64.5,3.5,2026-01-01 23:00:00,10.0899,-3.5919
-64.5,4.0,2026-01-01 23:00:00,9.7995,-3.5919
-64.5,4.5,2026-01-01 23:00:00,9.2964,-3.5919
-64.5,5.0,2026-01-01 23:00:00,8.7037,-3.5919
-64.5,5.5,2026-01-01 23:00:00,8.1665,-3.5919
-64.5,6.0,2026-01-01 23:00:00,7.8164,-3.5919
-64.0,2.0,2026-01-01 23:00:00,9.8176,-3.3613
-64.0,2.5,2026-01-01 23:00:00,10.0965,-3.3613
-64.0,3.0,2026-01-01 23:00:00,10.0899,-3.3613
-64.0,3.5,2026-01-01 23:00:00,9.7995,-3.3613
-64.0,4.0,2026-01-01 23:00:00,9.2964,-3.3613
-64.0,4.5,2026-01-01 23:00:00,8.7037,-3.3613
-64.0,5.0,2026-01-01 23:00:00,8.1665,-3.3613
-64.0,5.5,2026-01-01 23:00:00,7.8164,-3.3613
-64.0,6.0,2026-01-01 23:00:00,7.7391,-3.3613
-63.5,2.0,2026-01-01 23:00:00,10.0965,-2.6211
-63.5,2.5,2026-01-01 23:00:00,10.0899,-2.6211
-63.5,3.0,2026-01-01 23:00:00,9.7995,-2.6211
-63.5,3.5,2026-01-01 23:00:00,9.2964,-2.6211
-63.5,4.0,2026-01-01 23:00:00,8.7037,-2.6211
-63.5,4.5,2026-01-01 23:00:00,8.1665,-2.6211
-63.5,5.0,2026-01-01 23:00:00,7.8164,-2.6211
-63.5,5.5,2026-01-01 23:00:00,7.7391,-2.6211
-63.5,6.0,2026-01-01 23:00:00,7.9536,-2.6211
-66.5,2.0,2026-01-02 00:00:00,7.7858,-2.4084
-66.5,2.5,2026-01-02 00:00:00,7.8761,-2.4084
-66.5,3.0,2026-01-02 00:00:00,8.2366,-2.4084
-66.5,3.5,2026-01-02 00:00:00,8.7793,-2.4084
-66.5,4.0,2026-01-02 00:00:00,9.371,-2.4084
-66.5,4.5,2026-01-02 00:00:00,9.8671,-2.4084
-66.5,5.0,2026-01-02 00:00:00,10.146,-2.4084
-66.5,5.5,2026-01-02 00:00:00,10.1394,-2.4084
-66.5,6.0,2026-01-02 00:00:00,9.849,-2.4084
-66.0,2.0,2026-01-02 00:00:00,7.8761,-2.0054
-66.0,2.5,2026-01-02 00:00:00,8.2366,-2.0054
-66.0,3.0,2026-01-02 00:00:00,8.7793,-2.0054
-66.0,3.5,2026-01-02 00:00:00,9.371,-2.0054
-66.0,4.0,2026-01-02 00:00:00,9.8671,-2.0054
-66.0,4.5,2026-01-02 00:00:00,10.146,-2.0054
-66.0,5.0,2026-01-02 00:00:00,10.1394,-2.0054
-66.0,5.5,2026-01-02 00:00:00,9.849,-2.0054
-66.0,6.0,2026-01-02 00:00:00,9.3459,-2.0054
-65.5,2.0,2026-01-02 00:00:00,8.2366,-2.3369
-65.5,2.5,2026-01-02 00:00:00,8.7793,-2.3369
-65.5,3.0,2026-01-02 00:00:00,9.371,-2.3369
-65.5,3.5,2026-01-02 00:00:00,9.8671,-2.3369
-65.5,4.0,2026-01-02 00:00:00,10.146,-2.3369
-65.5,4.5,2026-01-02 00:00:00,10.1394,-2.3369
-65.5,5.0,2026-01-02 00:00:00,9.849,-2.3369
-65.5,5.5,2026-01-02 00:00:00,9.3459,-2.3369
-65.5,6.0,2026-01-02 00:00:00,8.7531,-2.3369
-65.0,2.0,2026-01-02 00:00:00,8.7793,-3.0981
-65.0,2.5,2026-01-02 00:00:00,9.371,-3.0981
-65.0,3.0,2026-01-02 00:00:00,9.8671,-3.0981
-65.0,3.5,2026-01-02 00:00:00,10.146,-3.0981
-65.0,4.0,2026-01-02 00:00:00,10.1394,-3.0981
-65.0,4.5,2026-01-02 00:00:00,9.849,-3.0981
-65.0,5.0,2026-01-02 00:00:00,9.3459,-3.0981
-65.0,5.5,2026-01-02 00:00:00,8.7531,-3.0981
-65.0,6.0,2026-01-02 00:00:00,8.216,-3.0981
-64.5,2.0,2026-01-02 00:00:00,9.371,-3.5891
-64.5,2.5,2026-01-02 00:00:00,9.8671,-3.5891
-64.5,3.0,2026-01-02 00:00:00,10.146,-3.5891
-64.5,3.5,2026-01-02 00:00:00,10.1394,-3.5891
-64.5,4.0,2026-01-02 00:00:00,9.849,-3.5891
-64.5,4.5,2026-01-02 00:00:00,9.3459,-3.5891
-64.5,5.0,2026-01-02 00:00:00,8.7531,-3.5891
-64.5,5.5,2026-01-02 00:00:00,8.216,-3.5891
-64.5,6.0,2026-01-02 00:00:00,7.8659,-3.5891
-64.0,2.0,2026-01-02 00:00:00,9.8671,-3.3586
-64.0,2.5,2026-01-02 00:00:00,10.146,-3.3586
-64.0,3.0,2026-01-02 00:00:00,10.1394,-3.3586
-64.0,3.5,2026-01-02 00:00:00,9.849,-3.3586
-64.0,4.0,2026-01-02 00:00:00,9.3459,-3.3586
-64.0,4.5,2026-01-02 00:00:00,8.7531,-3.3586
-64.0,5.0,2026-01-02 00:00:00,8.216,-3.3586
-64.0,5.5,2026-01-02 00:00:00,7.8659,-3.3586
-64.0,6.0,2026-01-02 00:00:00,7.7886,-3.3586
-63.5,2.0,2026-01-02 00:00:00,10.146,-2.6184
-63.5,2.5,2026-01-02 00:00:00,10.1394,-2.6184
-63.5,3.0,2026-01-02 00:00:00,9.849,-2.6184
-63.5,3.5,2026-01-02 00:00:00,9.3459,-2.6184
-63.5,4.0,2026-01-02 00:00:00,8.7531,-2.6184
-63.5,4.5,2026-01-02 00:00:00,8.216,-2.6184
-63.5,5.0,2026-01-02 00:00:00,7.8659,-2.6184
-63.5,5.5,2026-01-02 00:00:00,7.7886,-2.6184
-63.5,6.0,2026-01-02 00:00:00,8.0031,-2.6184
