date,date_gap,disp,flags,latitude,longitude,mask,size,vel_angle,iceberg_name,timestamp
1991314,0,0.0,3,-76.2,-41.5,0,0.0,0.0,a23a,1970-01-01T00:00:00Z
2008146,0,0.0,3,-77.07,-50.35,0,0.0,0.0,a56,1970-01-01T00:00:00Z
2008146,0,0.0,3,-77.62,-48.75,0,0.0,0.0,a57,1970-01-01T00:00:00Z
2016004,0,0.0,5,-71.466,-59.067,0,14857.03,-0.0093,a57a,1970-01-01T00:00:00Z
2015365,0,0.0,5,-69.833,-60.367,0,0.0,0.0,a57b,1970-01-01T00:00:00Z
2010024,0,0.0,3,-70.45,-7.08,0,0.0,0.0,a61,1970-01-01T00:00:00Z
2011023,0,0.0,3,-70.04,-1.74,0,0.0,0.0,a62,1970-01-01T00:00:00Z
2013095,0,0.0,12,-57.112,-31.575,2,4137.05,0.0,a62a,1970-01-01T00:00:00Z
2012329,0,0.0,13,-77.85,-42.925,1,408.18,-0.0042,a63,1970-01-01T00:00:00Z
2014101,0,0.0,3,-69.71,-61.06,0,1722.93,0.0,a64,1970-01-01T00:00:00Z
2015365,0,0.0,5,-54.527,-34.861,1,2814.54,-0.2706,a65,1970-01-01T00:00:00Z
2016001,0,0.0,6,-63.856,-55.222,2,0.0,0.0,a66,1970-01-01T00:00:00Z
2016001,0,0.0,6,-75.33,-27.084,1,0.0,0.0,a67,1970-01-01T00:00:00Z
2017177,0,0.0,4,-67.816,-60.909,0,0.0,0.0,a68,1970-01-01T00:00:00Z
2017244,0,0.0,3,-67.933,-60.85,0,1116.79,0.0007,a68a,1970-01-01T00:00:00Z
2017244,0,0.0,3,-67.25,-60.8,1,0.0,0.0,a68b,1970-01-01T00:00:00Z
2020115,0,0.0,6,-60.413,-51.07,0,1126.95,0.0,a68c,1970-01-01T00:00:00Z
2020353,0,0.0,6,-55.29,-36.882,2,2173.5,0.0,a68d,1970-01-01T00:00:00Z
2020358,0,0.0,6,-56.807,-35.53,1,4641.07,-0.355,a68e,1970-01-01T00:00:00Z
2020360,0,0.0,6,-56.875,-35.457,1,1286.1,0.0,a68f,1970-01-01T00:00:00Z
2021027,0,0.0,6,-56.508,-36.01,2,4408.81,0.0,a68g,1970-01-01T00:00:00Z
2021029,0,0.0,6,-56.213,-35.535,2,3179.22,0.0,a68h,1970-01-01T00:00:00Z
2021029,0,0.0,6,-56.28,-35.5,2,3227.74,0.0,a68i,1970-01-01T00:00:00Z
2021030,0,0.0,6,-57.072,-35.16,2,6301.78,0.1186,a68j,1970-01-01T00:00:00Z
2021029,0,0.0,6,-56.749,-35.51,2,2918.3,0.0,a68k,1970-01-01T00:00:00Z
2021029,0,0.0,6,-56.871,-35.19,2,3908.99,-0.2156,a68l,1970-01-01T00:00:00Z
2021031,0,0.0,6,-56.819,-35.215,1,2585.07,0.0,a68m,1970-01-01T00:00:00Z
2021043,0,0.0,6,-56.19,-35.55,1,4881.93,-0.0458,a68n,1970-01-01T00:00:00Z
2021043,0,0.0,6,-56.09,-35.76,1,1481.46,0.0,a68o,1970-01-01T00:00:00Z
2021043,0,0.0,6,-56.26,-33.67,1,1819.68,0.0,a68p,1970-01-01T00:00:00Z
2020178,0,0.0,3,-68.983,-60.633,0,1930.37,0.0,a69,1970-01-01T00:00:00Z
2020191,0,0.0,6,-69.015,-60.503,0,1924.42,0.0,a69a,1970-01-01T00:00:00Z
2020192,0,0.0,6,-68.925,-60.5,0,1876.6,0.0,a69b,1970-01-01T00:00:00Z
2021302,0,0.0,6,-66.76,-59.73,1,1351.05,0.0,a69c,1970-01-01T00:00:00Z
2021008,0,0.0,6,-72.376,-59.518,0,1880.37,0.0,a70,1970-01-01T00:00:00Z
2021008,0,0.0,3,-72.51,-59.51,0,0.0,0.0,a71,1970-01-01T00:00:00Z
2021022,0,0.0,6,-69.62,-60.83,1,1723.78,0.0039,a72,1970-01-01T00:00:00Z
2021022,0,0.0,6,-69.77,-60.572,1,1485.52,0.0005,a73,1970-01-01T00:00:00Z
2021064,0,0.0,2,-75.22,-25.78,0,1963.91,0.0529,a74,1970-01-01T00:00:00Z
2021059,0,0.0,6,-75.88,-36.295,1,5790.79,0.0,a74a,1970-01-01T00:00:00Z
2022161,0,0.0,6,-76.465,-46.085,0,0.0,0.0,a74b,1970-01-01T00:00:00Z
2021085,0,0.0,6,-74.13,-60.49,0,4800.98,0.0,a75,1970-01-01T00:00:00Z
2021134,0,0.0,6,-75.265,-58.935,0,0.0,0.0,a76,1970-01-01T00:00:00Z
2021147,0,0.0,6,-75.1,-59.43,0,1647.04,-0.0152,a76a,1970-01-01T00:00:00Z
2021147,0,0.0,6,-75.09,-57.49,1,1685.85,0.0,a76b,1970-01-01T00:00:00Z
2021147,0,0.0,6,-75.57,-57.04,0,1318.84,0.0,a76c,1970-01-01T00:00:00Z
2023125,0,0.0,6,-54.55,-41.69,0,0.0,0.0,a76d,1970-01-01T00:00:00Z
2023132,0,0.0,6,-53.632,-43.113,0,0.0,0.0,a76e,1970-01-01T00:00:00Z
2023132,0,0.0,6,-54.506,-41.409,0,0.0,0.0,a76f,1970-01-01T00:00:00Z
2023132,0,0.0,6,-54.904,-40.848,0,0.0,0.0,a76g,1970-01-01T00:00:00Z
2023132,0,0.0,6,-54.4,-41.68,0,0.0,0.0,a76h,1970-01-01T00:00:00Z
2023132,0,0.0,6,-54.16,-41.96,0,0.0,0.0,a76i,1970-01-01T00:00:00Z
2023146,0,0.0,6,-54.14,-39.77,0,0.0,0.0,a76j,1970-01-01T00:00:00Z
2023146,0,0.0,6,-54.61,-38.62,0,0.0,0.0,a76k,1970-01-01T00:00:00Z
2023146,0,0.0,6,-55.1,-38.77,0,0.0,0.0,a76l,1970-01-01T00:00:00Z
2023160,0,0.0,6,-55.5,-36.92,0,0.0,0.0,a76m,1970-01-01T00:00:00Z
2021232,0,0.0,3,-71.01,-12.05,1,664.71,0.0,a77,1970-01-01T00:00:00Z
2021239,0,0.0,6,-70.35,-4.03,0,14542.29,0.0,a78,1970-01-01T00:00:00Z
2022063,0,0.0,6,-71.14,-60.47,0,0.0,0.0,a79,1970-01-01T00:00:00Z
2022336,0,0.0,6,-71.77,-60.27,0,0.0,0.0,a80a,1970-01-01T00:00:00Z
2022336,0,0.0,6,-71.43,-60.33,0,0.0,0.0,a80b,1970-01-01T00:00:00Z
2022336,0,0.0,6,-71.53,-60.51,0,0.0,0.0,a80c,1970-01-01T00:00:00Z
2023055,0,0.0,6,-72.19,-59.34,0,0.0,0.0,a80d,1970-01-01T00:00:00Z
2023027,0,0.0,6,-75.66,-27.16,0,0.0,0.0,a81,1970-01-01T00:00:00Z
1989225,0,0.0,3,-70.9,170.2,0,0.0,0.0,b09b,1970-01-01T00:00:00Z
2010339,0,0.0,3,-67.09,144.88,0,0.0,0.0,b09c,1970-01-01T00:00:00Z
2011114,0,0.0,3,-66.26,143.26,0,0.0,0.0,b09d,1970-01-01T00:00:00Z
2011226,0,0.0,3,-66.26,143.56,0,0.0,0.0,b09f,1970-01-01T00:00:00Z
2012127,0,0.0,14,-65.029,132.609,2,0.0,0.0,b09g,1970-01-01T00:00:00Z
2015132,0,0.0,5,-69.791,21.186,0,2219.67,0.0,b09h,1970-01-01T00:00:00Z
2015295,0,0.0,5,-66.503,142.103,0,0.0,0.0,b09i,1970-01-01T00:00:00Z
2019109,0,0.0,3,-57.167,-42.183,1,0.0,0.0,b09j,1970-01-01T00:00:00Z
2014250,0,0.0,5,-65.936,51.539,0,-24.82,0.0,b15aa,1970-01-01T00:00:00Z
2014249,0,0.0,5,-65.868,51.579,0,132.56,0.0,b15ab,1970-01-01T00:00:00Z
2019025,0,0.0,3,-54.15,-26.317,1,4132.74,0.0,b15ac,1970-01-01T00:00:00Z
2000125,0,0.0,17,-78.157,-169.888,1,3821.02,-0.0027,b15b,1970-01-01T00:00:00Z
2000345,0,0.0,3,-75.0,-179.4,1,1430.04,0.0153,b15f,1970-01-01T00:00:00Z
2001119,0,0.0,3,-71.0,170.9,0,1442.74,-0.0142,b15g,1970-01-01T00:00:00Z
2003289,0,0.0,49,-76.917,168.983,1,3709.15,0.0023,b15j,1970-01-01T00:00:00Z
2011329,0,0.0,4,-55.935,-158.711,2,24110.34,0.0401,b15j1,1970-01-01T00:00:00Z
2004004,0,0.0,3,-76.7,166.8,0,-102.48,0.0,b15k,1970-01-01T00:00:00Z
2005303,0,0.0,3,-71.95,171.9,0,2385.06,-0.0018,b15n,1970-01-01T00:00:00Z
2006176,0,0.0,3,-65.53,84.28,0,0.0,0.0,b15r,1970-01-01T00:00:00Z
2007357,0,0.0,3,-67.32,77.93,0,0.0,0.0,b15t,1970-01-01T00:00:00Z
2011268,0,0.0,3,-66.93,45.76,0,0.0,0.0,b15x,1970-01-01T00:00:00Z
2012365,0,0.0,3,-75.03,-60.13,0,6717.25,0.0,b15y,1970-01-01T00:00:00Z
2014251,0,0.0,5,-65.871,50.837,0,0.0,0.0,b15z,1970-01-01T00:00:00Z
2000072,0,0.0,3,-78.1,-177.2,0,-68.84,0.0,b16,1970-01-01T00:00:00Z
2000359,0,0.0,3,-73.9,-178.6,1,762.45,0.0045,b17a,1970-01-01T00:00:00Z
2002024,0,0.0,17,-74.7,-102.97,0,560.04,0.0,b21a,1970-01-01T00:00:00Z
2002081,0,0.0,17,-74.5,-107.5,0,47347.69,0.0001,b22a,1970-01-01T00:00:00Z
2008003,0,0.0,3,-74.9,-101.78,0,0.0,0.0,b27,1970-01-01T00:00:00Z
2010024,0,0.0,3,-74.85,-109.07,0,0.0,0.0,b28,1970-01-01T00:00:00Z
2010024,0,0.0,3,-74.7,-109.15,0,0.0,0.0,b29,1970-01-01T00:00:00Z
2012145,0,0.0,13,-74.769,-107.356,1,2377.6,0.0,b30,1970-01-01T00:00:00Z
2019166,0,0.0,4,-65.365,-131.792,1,12412.31,0.0,b30a,1970-01-01T00:00:00Z
2019166,0,0.0,4,-65.365,-131.792,1,13145.73,0.0,b30b,1970-01-01T00:00:00Z
2013187,0,0.0,13,-75.047,-101.701,1,-71.84,0.0,b31,1970-01-01T00:00:00Z
2018069,0,0.0,4,-66.352,-81.481,0,0.0,0.0,b31a,1970-01-01T00:00:00Z
2014239,0,0.0,5,-74.117,-128.312,0,-162.3,0.0,b32,1970-01-01T00:00:00Z
2015058,0,0.0,6,-75.018,-104.8,0,0.0,0.0,b33,1970-01-01T00:00:00Z
2015062,0,0.0,5,-74.207,-129.15,0,0.0,0.0,b34,1970-01-01T00:00:00Z
2015226,0,0.0,6,-74.589,-104.18,0,0.0,0.0,b35,1970-01-01T00:00:00Z
2015240,0,0.0,3,-74.95,-103.0,0,677.45,0.3639,b36,1970-01-01T00:00:00Z
2016001,0,0.0,6,-74.6,-108.683,0,903.65,0.1493,b37,1970-01-01T00:00:00Z
2016001,0,0.0,6,-77.032,-155.177,1,0.0,0.0,b38,1970-01-01T00:00:00Z
2016001,0,0.0,6,-66.667,146.737,1,0.0,0.0,b39,1970-01-01T00:00:00Z
2016001,0,0.0,6,-65.77,148.602,1,1447.85,0.0,b40,1970-01-01T00:00:00Z
2016253,0,0.0,3,-74.967,-101.533,0,887.69,-0.002,b41,1970-01-01T00:00:00Z
2017097,0,0.0,6,-74.51,-106.934,1,0.0,0.0,b42,1970-01-01T00:00:00Z
2017097,0,0.0,6,-74.45,-107.223,1,1882.5,-0.3328,b43,1970-01-01T00:00:00Z
2017272,0,0.0,3,-74.95,-101.05,0,62021.05,0.0,b44,1970-01-01T00:00:00Z
2018215,0,0.0,3,-74.71,-109.37,0,683.92,0.0,b45,1970-01-01T00:00:00Z
2018301,0,0.0,6,-75.027,-101.213,0,0.0,0.0,b46,1970-01-01T00:00:00Z
2019263,0,0.0,6,-74.263,-130.282,0,0.0,0.0,b47,1970-01-01T00:00:00Z
2020038,0,0.0,6,-74.156,-112.777,0,1526.98,0.0,b48,1970-01-01T00:00:00Z
2020045,0,0.0,6,-74.905,-102.259,0,1524.05,0.0645,b49,1970-01-01T00:00:00Z
2020104,0,0.0,6,-74.032,-129.422,0,2379.86,-0.0172,b50,1970-01-01T00:00:00Z
2000310,0,0.0,3,-67.6,147.2,0,2489.35,0.0,c14a,1970-01-01T00:00:00Z
2000050,0,0.0,17,-67.782,147.122,0,-50.39,0.0,c15,1970-01-01T00:00:00Z
2000258,0,0.0,17,-77.078,170.532,1,1604.34,0.0,c16,1970-01-01T00:00:00Z
2003289,0,0.0,49,-67.7,153.367,1,1381.29,-0.0314,c18b,1970-01-01T00:00:00Z
2003159,0,0.0,3,-69.8,166.3,0,1788.84,0.0,c19c,1970-01-01T00:00:00Z
2012203,0,0.0,4,-54.008,-35.762,2,0.0,0.0,c19c1,1970-01-01T00:00:00Z
2005072,0,0.0,3,-65.02,95.92,0,1.22,0.0,c21b,1970-01-01T00:00:00Z
2005072,0,0.0,3,-64.83,96.17,0,0.0,0.0,c24,1970-01-01T00:00:00Z
2010094,0,0.0,3,-65.75,142.68,0,0.0,0.0,c28a,1970-01-01T00:00:00Z
2011242,0,0.0,4,-65.745,124.055,1,9613.11,0.0079,c28a2,1970-01-01T00:00:00Z
2010094,0,0.0,3,-65.73,141.82,0,0.0,0.0,c28b,1970-01-01T00:00:00Z
2016001,0,0.0,6,-66.15,142.967,1,0.0,0.0,c29,1970-01-01T00:00:00Z
2016001,0,0.0,6,-64.762,96.284,1,2426.56,0.0,c30,1970-01-01T00:00:00Z
2016001,0,0.0,6,-64.7,96.733,1,0.0,0.0,c31,1970-01-01T00:00:00Z
2016001,0,0.0,6,-70.031,162.573,0,0.0,0.0,c32,1970-01-01T00:00:00Z
2016098,0,0.0,5,-75.156,163.64,0,0.0,0.0,c33,1970-01-01T00:00:00Z
2017120,0,0.0,6,-66.889,145.161,1,0.0,0.0,c34,1970-01-01T00:00:00Z
2018215,0,0.0,6,-68.266,148.161,0,57237.85,-0.0005,c35,1970-01-01T00:00:00Z
2019032,0,0.0,3,-68.133,147.833,0,60757.21,-0.0003,c36,1970-01-01T00:00:00Z
2022069,0,0.0,4,-65.62,103.184,0,0.0,0.0,c37,1970-01-01T00:00:00Z
2022074,0,0.0,6,-65.731,103.106,0,0.0,0.0,c38,1970-01-01T00:00:00Z
2022084,0,0.0,6,-65.168,101.757,0,0.0,0.0,c38a,1970-01-01T00:00:00Z
2022084,0,0.0,6,-65.06,101.72,0,0.0,0.0,c38b,1970-01-01T00:00:00Z
2022119,0,0.0,6,-65.68,99.61,0,0.0,0.0,c39,1970-01-01T00:00:00Z
2023118,0,0.0,4,-66.55,110.21,0,0.0,0.0,c40,1970-01-01T00:00:00Z
2011242,0,0.0,5,-69.44,75.035,0,0.0,0.0,d14,1970-01-01T00:00:00Z
2011242,0,0.0,6,-66.744,81.872,1,0.0,0.0,d15,1970-01-01T00:00:00Z
2016031,0,0.0,6,-66.7,81.917,1,2467.2,-0.0043,d15a,1970-01-01T00:00:00Z
2016032,0,0.0,6,-67.0,81.633,1,0.0,0.0,d15b,1970-01-01T00:00:00Z
2013175,0,0.0,2,-69.16,36.39,0,0.0,0.0,d20,1970-01-01T00:00:00Z
2011242,0,0.0,6,-69.206,36.692,0,0.0,0.0,d20a,1970-01-01T00:00:00Z
2014255,0,0.0,6,-69.067,36.275,0,776.32,0.0,d20b,1970-01-01T00:00:00Z
2013305,0,0.0,2,-66.2,85.767,0,0.0,0.0,d21,1970-01-01T00:00:00Z
2013317,0,0.0,6,-67.794,48.91,1,-33.48,0.0,d21a,1970-01-01T00:00:00Z
2014165,0,0.0,6,-66.108,83.531,1,0.0,0.0,d21b,1970-01-01T00:00:00Z
2013314,0,0.0,6,-65.988,86.975,1,0.0,0.0,d22,1970-01-01T00:00:00Z
2016001,0,0.0,6,-69.433,74.617,0,0.0,0.0,d23,1970-01-01T00:00:00Z
2016001,0,0.0,6,-66.15,57.717,1,279.9,0.0,d24,1970-01-01T00:00:00Z
2016036,0,0.0,6,-69.332,37.95,0,0.0,0.0,d25,1970-01-01T00:00:00Z
2016095,0,0.0,6,-69.35,29.517,1,0.0,0.0,d26,1970-01-01T00:00:00Z
2018059,0,0.0,6,-67.216,81.682,1,0.0,0.0,d27,1970-01-01T00:00:00Z
2019266,0,0.0,6,-68.58,72.266,0,40313.82,0.0,d28,1970-01-01T00:00:00Z
2021162,0,0.0,6,-69.77,21.67,0,1224.54,0.0,d29a,1970-01-01T00:00:00Z
2021162,0,0.0,6,-69.96,22.16,0,971.92,0.0,d29b,1970-01-01T00:00:00Z
2021162,0,0.0,6,-69.77,22.15,0,1117.63,0.0,d29c,1970-01-01T00:00:00Z
2021162,0,0.0,6,-69.46,18.59,0,660.65,0.0,d30a,1970-01-01T00:00:00Z
2021162,0,0.0,6,-69.79,19.7,0,1725.24,0.0,d30b,1970-01-01T00:00:00Z
2022028,0,0.0,6,-69.89,2.34,0,0.0,0.0,d31,1970-01-01T00:00:00Z
2022288,0,0.0,6,-68.446,70.764,0,0.0,0.0,d32,1970-01-01T00:00:00Z
2011242,0,0.0,4,-65.175,103.116,0,0.0,0.0,uk052,1970-01-01T00:00:00Z
2011242,0,0.0,4,-66.599,80.862,1,557.19,0.0,uk093,1970-01-01T00:00:00Z
2017061,0,0.0,4,-67.66,-45.999,0,0.0,0.0,uk125,1970-01-01T00:00:00Z
2018130,0,0.0,4,-69.711,11.348,1,4304.79,0.0,uk130,1970-01-01T00:00:00Z
2006051,0,0.0,17,-65.629,115.583,1,-79.24,0.0,uk174,1970-01-01T00:00:00Z
2008042,0,0.0,17,-64.993,131.788,1,1822.51,-0.0114,uk192,1970-01-01T00:00:00Z
2008019,0,0.0,17,-63.632,-51.91,2,916.35,0.0,uk235,1970-01-01T00:00:00Z
2011241,0,0.0,12,-68.865,-58.848,1,503.02,0.0,uk290,1970-01-01T00:00:00Z
2011242,0,0.0,12,-64.929,81.528,1,483.17,0.0,uk304,1970-01-01T00:00:00Z
2011241,0,0.0,12,-65.466,126.926,1,0.0,0.0,uk314,1970-01-01T00:00:00Z
2011242,0,0.0,12,-64.382,98.2,1,0.0,0.0,uk315,1970-01-01T00:00:00Z
2012019,0,0.0,12,-66.16,143.225,2,1600.25,-0.0669,uk316,1970-01-01T00:00:00Z
2011242,0,0.0,12,-66.777,-38.415,2,513.74,0.0,uk318,1970-01-01T00:00:00Z
2011242,0,0.0,12,-66.545,-35.844,2,563.81,0.0554,uk319,1970-01-01T00:00:00Z
2011242,0,0.0,12,-71.115,-13.863,1,282.83,0.0,uk320,1970-01-01T00:00:00Z
2012075,0,0.0,12,-69.401,28.283,1,249.27,0.0,uk321,1970-01-01T00:00:00Z
2014096,0,0.0,4,-61.532,-51.637,1,0.0,0.0,uk321b,1970-01-01T00:00:00Z
2012124,0,0.0,12,-69.498,13.514,1,945.97,0.0014,uk322,1970-01-01T00:00:00Z
2014342,0,0.0,4,-66.367,139.074,1,4938.58,0.0,uk323,1970-01-01T00:00:00Z
2013298,0,0.0,4,-75.063,-146.57,1,0.0,0.0,uk324,1970-01-01T00:00:00Z
2015266,0,0.0,4,-69.6,13.7,1,0.0,0.0,uk325,1970-01-01T00:00:00Z
2015235,0,0.0,4,-69.75,15.5,1,0.0,0.0,uk326,1970-01-01T00:00:00Z
2015365,0,0.0,4,-69.833,-60.367,0,0.0,0.0,uka57b,1970-01-01T00:00:00Z
2016098,0,0.0,4,-75.156,163.64,0,0.0,0.0,ukc33,1970-01-01T00:00:00Z
