source_index,timestamp,latitude,longitude,sensor_source,length_m,width_m,era5_covered,glorys_covered,environment_matched,openberg_geometry_compatible,geometry_compatibility_reason
0,2020-04-13,-74.3134,-130.16,ASCAT,27780.0,11112.0,False,False,False,False,length_exceeds_openberg_maximum
1,2020-04-14,-73.75,-128.6833,NIC,0.0,0.0,False,False,False,False,length_below_openberg_minimum
2,2020-04-15,-74.1781,-130.1439,ASCAT,27780.0,11112.0,False,False,False,False,length_exceeds_openberg_maximum
3,2020-04-16,-74.0979,-130.1289,ASCAT,27780.0,11112.0,False,False,False,False,length_exceeds_openberg_maximum
4,2020-04-17,-74.0448,-130.0102,ASCAT,27780.0,11112.0,False,False,False,False,length_exceeds_openberg_maximum
5,2020-04-18,-73.9708,-129.8345,ASCAT,27780.0,11112.0,False,False,False,False,length_exceeds_openberg_maximum
6,2020-04-19,-73.9205,-129.4895,ASCAT,27780.0,11112.0,False,False,False,False,length_exceeds_openberg_maximum
7,2020-04-20,-73.8631,-129.3247,ASCAT,27780.0,11112.0,False,False,False,False,length_exceeds_openberg_maximum
8,2020-04-21,-73.7759,-128.9269,ASCAT,27780.0,11112.0,False,False,False,False,length_exceeds_openberg_maximum
9,2020-04-22,-73.769,-128.8644,ASCAT,27780.0,11112.0,False,False,False,False,length_exceeds_openberg_maximum
10,2020-04-23,-73.7505,-128.6215,ASCAT,27780.0,11112.0,False,False,False,False,length_exceeds_openberg_maximum
11,2020-04-24,-73.712,-128.6586,ASCAT,27780.0,11112.0,False,False,False,False,length_exceeds_openberg_maximum
12,2020-04-25,-73.6533,-128.4869,ASCAT,0.0,0.0,False,False,False,False,length_below_openberg_minimum
13,2020-04-26,-73.6533,-128.4869,ASCAT,0.0,0.0,False,False,False,False,length_below_openberg_minimum
14,2020-04-27,-73.5901,-128.3096,ASCAT,0.0,0.0,False,False,False,False,length_below_openberg_minimum
15,2020-04-28,-73.5716,-128.258,ASCAT,0.0,0.0,False,False,False,False,length_below_openberg_minimum
16,2020-04-29,-73.5716,-128.258,ASCAT,0.0,0.0,False,False,False,False,length_below_openberg_minimum
17,2020-04-30,-73.5716,-128.258,ASCAT,0.0,0.0,False,False,False,False,length_below_openberg_minimum
18,2020-05-01,-73.5716,-128.258,ASCAT,27780.0,11112.0,False,False,False,False,length_exceeds_openberg_maximum
19,2020-05-02,-73.5716,-128.258,ASCAT,0.0,0.0,False,False,False,False,length_below_openberg_minimum
20,2020-05-03,-73.6392,-128.2133,ASCAT,0.0,0.0,False,False,False,False,length_below_openberg_minimum
21,2020-05-04,-73.6392,-128.2133,ASCAT,0.0,0.0,False,False,False,False,length_below_openberg_minimum
22,2020-05-05,-73.6392,-128.2133,ASCAT,0.0,0.0,False,False,False,False,length_below_openberg_minimum
23,2020-05-06,-73.6541,-128.2134,ASCAT,0.0,0.0,False,False,False,False,length_below_openberg_minimum
24,2020-05-07,-73.6947,-128.0977,ASCAT,0.0,0.0,False,False,False,False,length_below_openberg_minimum
25,2020-05-08,-73.7322,-127.9265,ASCAT,27780.0,11112.0,False,False,False,False,length_exceeds_openberg_maximum
26,2020-05-09,-73.817,-127.9801,ASCAT,0.0,0.0,False,False,False,False,length_below_openberg_minimum
27,2020-05-10,-73.817,-127.9801,ASCAT,0.0,0.0,False,False,False,False,length_below_openberg_minimum
28,2020-05-11,-73.8245,-127.9802,ASCAT,0.0,0.0,False,False,False,False,length_below_openberg_minimum
29,2020-05-12,-73.8433,-127.9805,ASCAT,0.0,0.0,False,False,False,False,length_below_openberg_minimum
30,2020-05-13,-73.8677,-127.9809,ASCAT,0.0,0.0,False,False,False,False,length_below_openberg_minimum
31,2020-05-14,-73.8921,-127.9812,ASCAT,0.0,0.0,False,False,False,False,length_below_openberg_minimum
32,2020-05-15,-73.9109,-127.9815,ASCAT,27780.0,11112.0,False,False,False,False,length_exceeds_openberg_maximum
33,2020-05-16,-73.9184,-127.9816,ASCAT,0.0,0.0,False,False,False,False,length_below_openberg_minimum
34,2020-05-17,-73.9184,-127.9816,ASCAT,0.0,0.0,False,False,False,False,length_below_openberg_minimum
35,2020-05-18,-73.9184,-127.9816,ASCAT,0.0,0.0,False,False,False,False,length_below_openberg_minimum
36,2020-05-19,-73.9492,-128.3692,ASCAT,0.0,0.0,False,False,False,False,length_below_openberg_minimum
37,2020-05-20,-73.8941,-128.5353,ASCAT,0.0,0.0,False,False,False,False,length_below_openberg_minimum
38,2020-05-21,-73.8806,-128.5387,ASCAT,0.0,0.0,False,False,False,False,length_below_openberg_minimum
39,2020-05-22,-73.87,-128.5412,ASCAT,27780.0,11112.0,False,False,False,False,length_exceeds_openberg_maximum
40,2020-05-23,-73.8621,-128.5429,ASCAT,0.0,0.0,False,False,False,False,length_below_openberg_minimum
41,2020-05-24,-73.8567,-128.5439,ASCAT,0.0,0.0,False,False,False,False,length_below_openberg_minimum
42,2020-05-25,-73.8537,-128.5444,ASCAT,0.0,0.0,False,False,False,False,length_below_openberg_minimum
43,2020-05-26,-73.8527,-128.5445,ASCAT,0.0,0.0,False,False,False,False,length_below_openberg_minimum
44,2020-05-27,-73.8527,-128.5445,ASCAT,0.0,0.0,False,False,False,False,length_below_openberg_minimum
45,2020-05-28,-73.8596,-128.9507,ASCAT,0.0,0.0,False,False,False,False,length_below_openberg_minimum
46,2020-05-29,-73.8375,-129.0201,ASCAT,27780.0,11112.0,False,False,False,False,length_exceeds_openberg_maximum
47,2020-05-30,-73.8375,-129.0201,ASCAT,0.0,0.0,False,False,False,False,length_below_openberg_minimum
48,2020-05-31,-73.8364,-129.0364,ASCAT,0.0,0.0,False,False,False,False,length_below_openberg_minimum
49,2020-06-01,-73.8331,-129.0789,ASCAT,0.0,0.0,False,False,False,False,length_below_openberg_minimum
50,2020-06-02,-73.8275,-129.138,ASCAT,0.0,0.0,False,False,False,False,length_below_openberg_minimum
51,2020-06-03,-73.8197,-129.204,ASCAT,0.0,0.0,False,False,False,False,length_below_openberg_minimum
52,2020-06-04,-73.8097,-129.2673,ASCAT,0.0,0.0,False,False,False,False,length_below_openberg_minimum
53,2020-06-05,-73.7973,-129.3181,ASCAT,27780.0,11112.0,False,False,False,False,length_exceeds_openberg_maximum
54,2020-06-06,-73.7612,-129.3557,ASCAT,0.0,0.0,False,False,False,False,length_below_openberg_minimum
55,2020-06-07,-73.7839,-129.4175,ASCAT,0.0,0.0,False,False,False,False,length_below_openberg_minimum
56,2020-06-08,-73.7839,-129.4175,ASCAT,0.0,0.0,False,False,False,False,length_below_openberg_minimum
57,2020-06-09,-73.8102,-129.7841,ASCAT,0.0,0.0,False,False,False,False,length_below_openberg_minimum
58,2020-06-10,-73.8255,-129.9306,ASCAT,0.0,0.0,False,False,False,False,length_below_openberg_minimum
59,2020-06-11,-73.8393,-130.0527,ASCAT,0.0,0.0,False,False,False,False,length_below_openberg_minimum
60,2020-06-12,-73.851,-130.1496,ASCAT,27780.0,11112.0,False,False,False,False,length_exceeds_openberg_maximum
61,2020-06-13,-73.8601,-130.2201,ASCAT,0.0,0.0,False,False,False,False,length_below_openberg_minimum
62,2020-06-14,-73.8659,-130.2631,ASCAT,0.0,0.0,False,False,False,False,length_below_openberg_minimum
63,2020-06-15,-73.868,-130.2777,ASCAT,0.0,0.0,False,False,False,False,length_below_openberg_minimum
64,2020-06-16,-73.8273,-130.1589,ASCAT,0.0,0.0,False,False,False,False,length_below_openberg_minimum
65,2020-06-17,-73.8273,-130.1589,ASCAT,0.0,0.0,False,False,False,False,length_below_openberg_minimum
66,2020-06-18,-73.7656,-129.9731,ASCAT,0.0,0.0,False,False,False,False,length_below_openberg_minimum
67,2020-06-19,-73.802,-130.3737,ASCAT,27780.0,11112.0,False,False,False,False,length_exceeds_openberg_maximum
68,2020-06-20,-73.8145,-130.4322,ASCAT,0.0,0.0,False,False,False,False,length_below_openberg_minimum
69,2020-06-21,-73.8247,-130.4763,ASCAT,0.0,0.0,False,False,False,False,length_below_openberg_minimum
70,2020-06-22,-73.8327,-130.5077,ASCAT,0.0,0.0,False,False,False,False,length_below_openberg_minimum
71,2020-06-23,-73.8383,-130.5281,ASCAT,0.0,0.0,False,False,False,False,length_below_openberg_minimum
72,2020-06-24,-73.8417,-130.5391,ASCAT,0.0,0.0,False,False,False,False,length_below_openberg_minimum
73,2020-06-25,-73.8428,-130.5424,ASCAT,0.0,0.0,False,False,False,False,length_below_openberg_minimum
74,2020-06-26,-73.8428,-130.5424,ASCAT,27780.0,11112.0,False,False,False,False,length_exceeds_openberg_maximum
75,2020-06-27,-73.8428,-130.5424,ASCAT,0.0,0.0,False,False,False,False,length_below_openberg_minimum
76,2020-06-28,-73.8428,-130.5424,ASCAT,0.0,0.0,False,False,False,False,length_below_openberg_minimum
77,2020-06-29,-73.8428,-130.5424,ASCAT,0.0,0.0,False,False,False,False,length_below_openberg_minimum
78,2020-06-30,-73.8428,-130.5424,ASCAT,0.0,0.0,False,False,False,False,length_below_openberg_minimum
79,2020-07-01,-73.8434,-130.5894,ASCAT,0.0,0.0,False,False,False,False,length_below_openberg_minimum
80,2020-07-02,-73.8449,-130.7054,ASCAT,0.0,0.0,False,False,False,False,length_below_openberg_minimum
81,2020-07-03,-73.8466,-130.8526,ASCAT,27780.0,11112.0,False,False,False,False,length_exceeds_openberg_maximum
82,2020-07-04,-73.8481,-130.9935,ASCAT,0.0,0.0,False,False,False,False,length_below_openberg_minimum
83,2020-07-05,-73.8487,-131.0905,ASCAT,0.0,0.0,False,False,False,False,length_below_openberg_minimum
84,2020-07-06,-73.8261,-131.1533,ASCAT,0.0,0.0,False,False,False,False,length_below_openberg_minimum
85,2020-07-07,-73.8035,-131.1849,ASCAT,0.0,0.0,False,False,False,False,length_below_openberg_minimum
86,2020-07-08,-73.8035,-131.1849,ASCAT,0.0,0.0,False,False,False,False,length_below_openberg_minimum
87,2020-07-09,-73.8035,-131.1849,ASCAT,0.0,0.0,False,False,False,False,length_below_openberg_minimum
88,2020-07-10,-73.8035,-131.1849,ASCAT,27780.0,11112.0,False,False,False,False,length_exceeds_openberg_maximum
89,2020-07-11,-73.8009,-131.2718,ASCAT,0.0,0.0,False,False,False,False,length_below_openberg_minimum
90,2020-07-12,-73.7983,-131.3608,ASCAT,0.0,0.0,False,False,False,False,length_below_openberg_minimum
91,2020-07-13,-73.8002,-131.3643,ASCAT,0.0,0.0,False,False,False,False,length_below_openberg_minimum
92,2020-07-14,-73.8054,-131.3668,ASCAT,0.0,0.0,False,False,False,False,length_below_openberg_minimum
93,2020-07-15,-73.8133,-131.3685,ASCAT,0.0,0.0,False,False,False,False,length_below_openberg_minimum
94,2020-07-16,-73.823,-131.3694,ASCAT,0.0,0.0,False,False,False,False,length_below_openberg_minimum
95,2020-07-17,-73.8341,-131.3697,ASCAT,27780.0,11112.0,False,False,False,False,length_exceeds_openberg_maximum
96,2020-07-18,-73.8578,-131.2648,ASCAT,0.0,0.0,False,False,False,False,length_below_openberg_minimum
97,2020-07-19,-73.8757,-131.1599,ASCAT,0.0,0.0,False,False,False,False,length_below_openberg_minimum
98,2020-07-20,-73.8757,-131.1599,ASCAT,0.0,0.0,False,False,False,False,length_below_openberg_minimum
99,2020-07-21,-73.8757,-131.1599,ASCAT,0.0,0.0,False,False,False,False,length_below_openberg_minimum
100,2020-07-22,-73.8263,-131.2072,ASCAT,0.0,0.0,False,False,False,False,length_below_openberg_minimum
101,2020-07-23,-73.8263,-131.2072,ASCAT,0.0,0.0,False,False,False,False,length_below_openberg_minimum
102,2020-07-24,-73.8263,-131.2072,ASCAT,27780.0,11112.0,False,False,False,False,length_exceeds_openberg_maximum
103,2020-07-25,-73.829,-131.2003,ASCAT,0.0,0.0,False,False,False,False,length_below_openberg_minimum
104,2020-07-26,-73.8354,-131.1837,ASCAT,0.0,0.0,False,False,False,False,length_below_openberg_minimum
105,2020-07-27,-73.8431,-131.1639,ASCAT,0.0,0.0,False,False,False,False,length_below_openberg_minimum
106,2020-07-28,-73.8495,-131.1473,ASCAT,0.0,0.0,False,False,False,False,length_below_openberg_minimum
107,2020-07-29,-73.8522,-131.1404,ASCAT,0.0,0.0,False,False,False,False,length_below_openberg_minimum
108,2020-07-30,-73.8522,-131.1404,ASCAT,0.0,0.0,False,False,False,False,length_below_openberg_minimum
109,2020-07-31,-73.8522,-131.1404,ASCAT,27780.0,11112.0,False,False,False,False,length_exceeds_openberg_maximum
110,2020-08-01,-73.8522,-131.1404,ASCAT,0.0,0.0,False,False,False,False,length_below_openberg_minimum
111,2020-08-02,-73.8121,-131.4591,ASCAT,0.0,0.0,False,False,False,False,length_below_openberg_minimum
112,2020-08-03,-73.8121,-131.4591,ASCAT,0.0,0.0,False,False,False,False,length_below_openberg_minimum
113,2020-08-04,-73.8121,-131.4591,ASCAT,0.0,0.0,False,False,False,False,length_below_openberg_minimum
114,2020-08-05,-73.8121,-131.4591,ASCAT,0.0,0.0,False,False,False,False,length_below_openberg_minimum
115,2020-08-06,-73.805,-131.5187,ASCAT,0.0,0.0,False,False,False,False,length_below_openberg_minimum
116,2020-08-07,-73.7873,-131.675,ASCAT,27780.0,11112.0,False,False,False,False,length_exceeds_openberg_maximum
117,2020-08-08,-73.7643,-131.8946,ASCAT,0.0,0.0,False,False,False,False,length_below_openberg_minimum
118,2020-08-09,-73.7413,-132.1439,ASCAT,0.0,0.0,False,False,False,False,length_below_openberg_minimum
119,2020-08-10,-73.7236,-132.3894,ASCAT,0.0,0.0,False,False,False,False,length_below_openberg_minimum
120,2020-08-11,-73.7165,-132.5974,ASCAT,0.0,0.0,False,False,False,False,length_below_openberg_minimum
121,2020-08-12,-73.7386,-132.8126,ASCAT,0.0,0.0,False,False,False,False,length_below_openberg_minimum
122,2020-08-13,-73.7606,-132.9388,ASCAT,0.0,0.0,False,False,False,False,length_below_openberg_minimum
123,2020-08-14,-73.7606,-132.9388,ASCAT,27780.0,11112.0,False,False,False,False,length_exceeds_openberg_maximum
124,2020-08-15,-73.7606,-132.9388,ASCAT,0.0,0.0,False,False,False,False,length_below_openberg_minimum
125,2020-08-16,-73.7606,-132.9388,ASCAT,0.0,0.0,False,False,False,False,length_below_openberg_minimum
126,2020-08-17,-73.7606,-132.9388,ASCAT,0.0,0.0,False,False,False,False,length_below_openberg_minimum
127,2020-08-18,-73.7606,-132.9388,ASCAT,0.0,0.0,False,False,False,False,length_below_openberg_minimum
128,2020-08-19,-73.7524,-133.0149,ASCAT,0.0,0.0,False,False,False,False,length_below_openberg_minimum
129,2020-08-20,-73.7371,-133.1563,ASCAT,0.0,0.0,False,False,False,False,length_below_openberg_minimum
130,2020-08-21,-73.7289,-133.2324,ASCAT,27780.0,11112.0,False,False,False,False,length_exceeds_openberg_maximum
131,2020-08-22,-73.7289,-133.2324,ASCAT,0.0,0.0,False,False,False,False,length_below_openberg_minimum
132,2020-08-23,-73.7289,-133.2324,ASCAT,0.0,0.0,False,False,False,False,length_below_openberg_minimum
133,2020-08-24,-73.7289,-133.2324,ASCAT,0.0,0.0,False,False,False,False,length_below_openberg_minimum
134,2020-08-25,-73.7289,-133.2324,ASCAT,0.0,0.0,False,False,False,False,length_below_openberg_minimum
135,2020-08-26,-73.7289,-133.2324,ASCAT,0.0,0.0,False,False,False,False,length_below_openberg_minimum
136,2020-08-27,-73.7289,-133.2324,ASCAT,0.0,0.0,False,False,False,False,length_below_openberg_minimum
137,2020-08-28,-73.7289,-133.2324,ASCAT,27780.0,11112.0,False,False,False,False,length_exceeds_openberg_maximum
138,2020-08-29,-73.7289,-133.2324,ASCAT,0.0,0.0,False,False,False,False,length_below_openberg_minimum
139,2020-08-30,-73.7289,-133.2324,ASCAT,0.0,0.0,False,False,False,False,length_below_openberg_minimum
140,2020-08-31,-73.7289,-133.2324,ASCAT,0.0,0.0,False,False,False,False,length_below_openberg_minimum
141,2020-09-01,-73.7289,-133.2324,ASCAT,0.0,0.0,False,False,False,False,length_below_openberg_minimum
142,2020-09-02,-73.7289,-133.2324,ASCAT,0.0,0.0,False,False,False,False,length_below_openberg_minimum
143,2020-09-03,-73.7289,-133.2324,ASCAT,0.0,0.0,False,False,False,False,length_below_openberg_minimum
144,2020-09-04,-73.72,-133.02,ASCAT,27780.0,11112.0,False,False,False,False,length_exceeds_openberg_maximum
145,2020-09-05,-73.72,-133.02,ASCAT,0.0,0.0,False,False,False,False,length_below_openberg_minimum
146,2020-09-06,-73.72,-133.02,ASCAT,0.0,0.0,False,False,False,False,length_below_openberg_minimum
147,2020-09-07,-73.72,-133.02,ASCAT,0.0,0.0,False,False,False,False,length_below_openberg_minimum
148,2020-09-08,-73.72,-133.02,ASCAT,0.0,0.0,False,False,False,False,length_below_openberg_minimum
149,2020-09-09,-73.72,-133.02,ASCAT,0.0,0.0,False,False,False,False,length_below_openberg_minimum
150,2020-09-10,-73.72,-133.02,ASCAT,0.0,0.0,False,False,False,False,length_below_openberg_minimum
151,2020-09-11,-73.72,-133.02,ASCAT,27780.0,11112.0,False,False,False,False,length_exceeds_openberg_maximum
152,2020-09-12,-73.72,-133.02,ASCAT,0.0,0.0,False,False,False,False,length_below_openberg_minimum
153,2020-09-13,-73.72,-133.02,ASCAT,0.0,0.0,False,False,False,False,length_below_openberg_minimum
154,2020-09-14,-73.72,-133.02,ASCAT,0.0,0.0,False,False,False,False,length_below_openberg_minimum
155,2020-09-15,-73.72,-133.02,ASCAT,0.0,0.0,False,False,False,False,length_below_openberg_minimum
156,2020-09-16,-73.72,-133.02,ASCAT,0.0,0.0,False,False,False,False,length_below_openberg_minimum
157,2020-09-17,-73.72,-133.02,ASCAT,0.0,0.0,False,False,False,False,length_below_openberg_minimum
158,2020-09-18,-73.72,-133.02,ASCAT,27780.0,11112.0,False,False,False,False,length_exceeds_openberg_maximum
159,2020-09-19,-73.72,-133.02,ASCAT,0.0,0.0,False,False,False,False,length_below_openberg_minimum
160,2020-09-20,-73.72,-133.15,ASCAT,0.0,0.0,False,False,False,False,length_below_openberg_minimum
161,2020-09-21,-73.72,-133.15,ASCAT,0.0,0.0,False,False,False,False,length_below_openberg_minimum
162,2020-09-22,-73.72,-133.15,ASCAT,0.0,0.0,False,False,False,False,length_below_openberg_minimum
163,2020-09-23,-73.72,-133.15,ASCAT,0.0,0.0,False,False,False,False,length_below_openberg_minimum
164,2020-09-24,-73.7661,-133.1798,ASCAT,0.0,0.0,False,False,False,False,length_below_openberg_minimum
165,2020-09-25,-73.8122,-133.2096,ASCAT,27780.0,11112.0,False,False,False,False,length_exceeds_openberg_maximum
166,2020-09-26,-73.8122,-133.2096,ASCAT,0.0,0.0,False,False,False,False,length_below_openberg_minimum
167,2020-09-27,-73.8122,-133.2096,ASCAT,0.0,0.0,False,False,False,False,length_below_openberg_minimum
168,2020-09-28,-73.8122,-133.2096,ASCAT,0.0,0.0,False,False,False,False,length_below_openberg_minimum
169,2020-09-29,-73.788,-133.2022,ASCAT,0.0,0.0,False,False,False,False,length_below_openberg_minimum
170,2020-09-30,-73.7638,-133.1947,ASCAT,0.0,0.0,False,False,False,False,length_below_openberg_minimum
171,2020-10-01,-73.7638,-133.1947,ASCAT,0.0,0.0,False,False,False,False,length_below_openberg_minimum
172,2020-10-02,-73.7638,-133.1947,ASCAT,0.0,0.0,False,False,False,False,length_below_openberg_minimum
173,2020-10-03,-73.7638,-133.1947,ASCAT,0.0,0.0,False,False,False,False,length_below_openberg_minimum
174,2020-10-04,-73.7846,-133.6615,ASCAT,0.0,0.0,False,False,False,False,length_below_openberg_minimum
175,2020-10-05,-73.7846,-133.6615,ASCAT,0.0,0.0,False,False,False,False,length_below_openberg_minimum
176,2020-10-06,-73.7846,-133.6615,ASCAT,0.0,0.0,False,False,False,False,length_below_openberg_minimum
177,2020-10-07,-73.7846,-133.6615,ASCAT,0.0,0.0,False,False,False,False,length_below_openberg_minimum
178,2020-10-08,-73.76,-133.11,ASCAT,0.0,0.0,False,False,False,False,length_below_openberg_minimum
179,2020-10-09,-73.76,-133.11,ASCAT,27780.0,11112.0,False,False,False,False,length_exceeds_openberg_maximum
180,2020-10-10,-73.76,-133.11,ASCAT,0.0,0.0,False,False,False,False,length_below_openberg_minimum
181,2020-10-11,-73.76,-133.11,ASCAT,0.0,0.0,False,False,False,False,length_below_openberg_minimum
182,2020-10-12,-73.76,-133.11,ASCAT,0.0,0.0,False,False,False,False,length_below_openberg_minimum
183,2020-10-13,-73.76,-133.11,ASCAT,0.0,0.0,False,False,False,False,length_below_openberg_minimum
184,2020-10-14,-73.76,-133.11,ASCAT,0.0,0.0,False,False,False,False,length_below_openberg_minimum
185,2020-10-15,-73.76,-133.11,ASCAT,0.0,0.0,False,False,False,False,length_below_openberg_minimum
186,2020-10-16,-73.76,-133.11,ASCAT,27780.0,11112.0,False,False,False,False,length_exceeds_openberg_maximum
187,2020-10-17,-73.76,-133.11,ASCAT,0.0,0.0,False,False,False,False,length_below_openberg_minimum
188,2020-10-18,-73.76,-133.11,ASCAT,0.0,0.0,False,False,False,False,length_below_openberg_minimum
189,2020-10-19,-73.76,-133.11,ASCAT,0.0,0.0,False,False,False,False,length_below_openberg_minimum
190,2020-10-20,-73.76,-133.11,ASCAT,0.0,0.0,False,False,False,False,length_below_openberg_minimum
191,2020-10-21,-73.76,-133.11,ASCAT,0.0,0.0,False,False,False,False,length_below_openberg_minimum
192,2020-10-22,-73.76,-133.11,ASCAT,0.0,0.0,False,False,False,False,length_below_openberg_minimum
193,2020-10-23,-73.76,-133.11,ASCAT,27780.0,11112.0,False,False,False,False,length_exceeds_openberg_maximum
194,2020-10-24,-73.6963,-133.0676,ASCAT,0.0,0.0,False,False,False,False,length_below_openberg_minimum
195,2020-10-25,-73.6963,-133.0676,ASCAT,0.0,0.0,False,False,False,False,length_below_openberg_minimum
196,2020-10-26,-73.6963,-133.0676,ASCAT,0.0,0.0,False,False,False,False,length_below_openberg_minimum
197,2020-10-27,-73.6963,-133.0676,ASCAT,0.0,0.0,False,False,False,False,length_below_openberg_minimum
198,2020-10-28,-73.6963,-133.0676,ASCAT,0.0,0.0,False,False,False,False,length_below_openberg_minimum
199,2020-10-29,-73.6963,-133.0676,ASCAT,0.0,0.0,False,False,False,False,length_below_openberg_minimum
200,2020-10-30,-73.6963,-133.0676,ASCAT,27780.0,11112.0,False,False,False,False,length_exceeds_openberg_maximum
201,2020-10-31,-73.6963,-133.0676,ASCAT,0.0,0.0,False,False,False,False,length_below_openberg_minimum
202,2020-11-01,-73.6963,-133.0676,ASCAT,0.0,0.0,False,False,False,False,length_below_openberg_minimum
203,2020-11-02,-73.6963,-133.0676,ASCAT,0.0,0.0,False,False,False,False,length_below_openberg_minimum
204,2020-11-03,-73.6963,-133.0676,ASCAT,0.0,0.0,False,False,False,False,length_below_openberg_minimum
205,2020-11-04,-73.6963,-133.0676,ASCAT,0.0,0.0,False,False,False,False,length_below_openberg_minimum
206,2020-11-05,-73.6963,-133.0676,ASCAT,0.0,0.0,False,False,False,False,length_below_openberg_minimum
207,2020-11-06,-73.6963,-133.0676,ASCAT,27780.0,11112.0,False,False,False,False,length_exceeds_openberg_maximum
208,2020-11-07,-73.6963,-133.0676,ASCAT,0.0,0.0,False,False,False,False,length_below_openberg_minimum
209,2020-11-08,-73.6963,-133.0676,ASCAT,0.0,0.0,False,False,False,False,length_below_openberg_minimum
210,2020-11-09,-73.6963,-133.0676,ASCAT,0.0,0.0,False,False,False,False,length_below_openberg_minimum
211,2020-11-10,-73.6963,-133.0676,ASCAT,0.0,0.0,False,False,False,False,length_below_openberg_minimum
212,2020-11-11,-73.6963,-133.0676,ASCAT,0.0,0.0,False,False,False,False,length_below_openberg_minimum
213,2020-11-12,-73.6963,-133.0676,ASCAT,0.0,0.0,False,False,False,False,length_below_openberg_minimum
214,2020-11-13,-73.6963,-133.0676,ASCAT,0.0,0.0,False,False,False,False,length_below_openberg_minimum
215,2020-11-14,-73.6963,-133.0676,ASCAT,0.0,0.0,False,False,False,False,length_below_openberg_minimum
216,2020-11-15,-73.7336,-133.341,ASCAT,0.0,0.0,False,False,False,False,length_below_openberg_minimum
217,2020-11-16,-73.7336,-133.341,ASCAT,0.0,0.0,False,False,False,False,length_below_openberg_minimum
218,2020-11-17,-73.7336,-133.341,ASCAT,0.0,0.0,False,False,False,False,length_below_openberg_minimum
219,2020-11-18,-73.7336,-133.341,ASCAT,0.0,0.0,False,False,False,False,length_below_openberg_minimum
220,2020-11-19,-73.7336,-133.341,ASCAT,0.0,0.0,False,False,False,False,length_below_openberg_minimum
221,2020-11-20,-73.7336,-133.341,ASCAT,0.0,0.0,False,False,False,False,length_below_openberg_minimum
222,2020-11-21,-73.7336,-133.341,ASCAT,0.0,0.0,False,False,False,False,length_below_openberg_minimum
223,2020-11-22,-73.7336,-133.341,ASCAT,0.0,0.0,False,False,False,False,length_below_openberg_minimum
224,2020-11-23,-73.7336,-133.341,ASCAT,0.0,0.0,False,False,False,False,length_below_openberg_minimum
225,2020-11-24,-73.6931,-133.4792,ASCAT,0.0,0.0,False,False,False,False,length_below_openberg_minimum
226,2020-11-25,-73.6931,-133.4792,ASCAT,0.0,0.0,False,False,False,False,length_below_openberg_minimum
227,2020-11-26,-73.6931,-133.4792,ASCAT,0.0,0.0,False,False,False,False,length_below_openberg_minimum
228,2020-11-27,-73.6931,-133.4792,ASCAT,0.0,0.0,False,False,False,False,length_below_openberg_minimum
229,2020-11-28,-73.6931,-133.4792,ASCAT,0.0,0.0,False,False,False,False,length_below_openberg_minimum
230,2020-11-29,-73.6931,-133.4792,ASCAT,0.0,0.0,False,False,False,False,length_below_openberg_minimum
231,2020-11-30,-73.6954,-133.47,ASCAT,0.0,0.0,False,False,False,False,length_below_openberg_minimum
232,2020-12-01,-73.6977,-133.4609,ASCAT,0.0,0.0,False,False,False,False,length_below_openberg_minimum
233,2020-12-02,-73.6977,-133.4609,ASCAT,0.0,0.0,False,False,False,False,length_below_openberg_minimum
234,2020-12-03,-73.6977,-133.4609,ASCAT,0.0,0.0,False,False,False,False,length_below_openberg_minimum
235,2020-12-04,-73.6736,-133.8932,ASCAT,0.0,0.0,False,False,False,False,length_below_openberg_minimum
236,2020-12-05,-73.6736,-133.8932,ASCAT,0.0,0.0,False,False,False,False,length_below_openberg_minimum
237,2020-12-06,-73.6586,-133.9358,ASCAT,0.0,0.0,False,False,False,False,length_below_openberg_minimum
238,2020-12-07,-73.6436,-133.9785,ASCAT,0.0,0.0,False,False,False,False,length_below_openberg_minimum
239,2020-12-08,-73.6436,-133.9785,ASCAT,0.0,0.0,False,False,False,False,length_below_openberg_minimum
240,2020-12-09,-73.6436,-133.9785,ASCAT,0.0,0.0,False,False,False,False,length_below_openberg_minimum
241,2020-12-10,-73.6436,-133.9785,ASCAT,0.0,0.0,False,False,False,False,length_below_openberg_minimum
242,2020-12-11,-73.5842,-134.0057,ASCAT,0.0,0.0,False,False,False,False,length_below_openberg_minimum
243,2020-12-12,-73.5247,-134.0752,ASCAT,0.0,0.0,False,False,False,False,length_below_openberg_minimum
244,2020-12-13,-73.5354,-134.3496,ASCAT,0.0,0.0,False,False,False,False,length_below_openberg_minimum
245,2020-12-14,-73.5595,-134.7411,ASCAT,0.0,0.0,False,False,False,False,length_below_openberg_minimum
246,2020-12-15,-73.6062,-135.0494,ASCAT,0.0,0.0,False,False,False,False,length_below_openberg_minimum
247,2020-12-16,-73.649,-135.301,ASCAT,0.0,0.0,False,False,False,False,length_below_openberg_minimum
248,2020-12-17,-73.7639,-135.3953,ASCAT,0.0,0.0,False,False,False,False,length_below_openberg_minimum
249,2020-12-18,-73.8153,-135.4874,ASCAT,0.0,0.0,False,False,False,False,length_below_openberg_minimum
250,2020-12-19,-73.9537,-136.1124,ASCAT,0.0,0.0,False,False,False,False,length_below_openberg_minimum
251,2020-12-20,-74.0147,-136.4462,ASCAT,0.0,0.0,False,False,False,False,length_below_openberg_minimum
252,2020-12-21,-74.0212,-136.6842,ASCAT,0.0,0.0,False,False,False,False,length_below_openberg_minimum
253,2020-12-22,-74.0189,-136.9989,ASCAT,0.0,0.0,False,False,False,False,length_below_openberg_minimum
254,2020-12-23,-74.0449,-137.2053,ASCAT,0.0,0.0,False,False,False,False,length_below_openberg_minimum
255,2020-12-24,-74.0289,-137.4694,ASCAT,0.0,0.0,False,False,False,False,length_below_openberg_minimum
256,2020-12-25,-74.0123,-137.6761,ASCAT,0.0,0.0,False,False,False,False,length_below_openberg_minimum
257,2020-12-26,-74.0123,-137.6761,ASCAT,0.0,0.0,False,False,False,False,length_below_openberg_minimum
258,2020-12-27,-74.0123,-137.6761,ASCAT,0.0,0.0,False,False,False,False,length_below_openberg_minimum
259,2020-12-28,-73.9249,-138.1583,ASCAT,0.0,0.0,False,False,False,False,length_below_openberg_minimum
260,2020-12-29,-73.9249,-138.1583,ASCAT,0.0,0.0,False,False,False,False,length_below_openberg_minimum
261,2020-12-30,-73.9249,-138.1583,ASCAT,0.0,0.0,False,False,False,False,length_below_openberg_minimum
262,2020-12-31,-73.9,-138.21,NIC,27780.0,11112.0,False,False,False,False,length_exceeds_openberg_maximum
263,2021-01-01,-73.8973,-138.2046,NIC,0.0,0.0,False,False,False,False,length_below_openberg_minimum
264,2021-01-02,-73.8782,-138.1663,NIC,0.0,0.0,False,False,False,False,length_below_openberg_minimum
265,2021-01-03,-73.8456,-138.1011,NIC,0.0,0.0,False,False,False,False,length_below_openberg_minimum
266,2021-01-04,-73.8055,-138.021,NIC,0.0,0.0,False,False,False,False,length_below_openberg_minimum
267,2021-01-05,-73.7639,-137.9378,NIC,0.0,0.0,False,False,False,False,length_below_openberg_minimum
268,2021-01-06,-73.7268,-137.8637,NIC,0.0,0.0,False,False,False,False,length_below_openberg_minimum
269,2021-01-07,-73.7002,-137.8104,NIC,0.0,0.0,False,False,False,False,length_below_openberg_minimum
270,2021-01-08,-73.69,-137.79,NIC,27780.0,11112.0,False,False,False,False,length_exceeds_openberg_maximum
271,2021-01-09,-73.6917,-137.7999,NIC,0.0,0.0,False,False,False,False,length_below_openberg_minimum
272,2021-01-10,-73.6959,-137.8264,NIC,0.0,0.0,False,False,False,False,length_below_openberg_minimum
273,2021-01-11,-73.7018,-137.8643,NIC,0.0,0.0,False,False,False,False,length_below_openberg_minimum
274,2021-01-12,-73.7082,-137.9087,NIC,0.0,0.0,False,False,False,False,length_below_openberg_minimum
275,2021-01-13,-73.7141,-137.9544,NIC,0.0,0.0,False,False,False,False,length_below_openberg_minimum
276,2021-01-14,-73.7183,-137.9966,NIC,0.0,0.0,False,False,False,False,length_below_openberg_minimum
277,2021-01-15,-73.7172,-138.0042,ASCAT,27780.0,11112.0,False,False,False,False,length_exceeds_openberg_maximum
278,2021-01-16,-73.7172,-138.0042,ASCAT,0.0,0.0,False,False,False,False,length_below_openberg_minimum
279,2021-01-17,-73.7305,-138.0073,ASCAT,0.0,0.0,False,False,False,False,length_below_openberg_minimum
280,2021-01-18,-73.7138,-138.1356,ASCAT,0.0,0.0,False,False,False,False,length_below_openberg_minimum
281,2021-01-19,-73.6971,-138.2612,ASCAT,0.0,0.0,False,False,False,False,length_below_openberg_minimum
282,2021-01-20,-73.6971,-138.2612,ASCAT,0.0,0.0,False,False,False,False,length_below_openberg_minimum
283,2021-01-21,-73.6643,-138.2294,ASCAT,0.0,0.0,False,False,False,False,length_below_openberg_minimum
284,2021-01-22,-73.6643,-138.2294,ASCAT,27780.0,11112.0,False,False,False,False,length_exceeds_openberg_maximum
285,2021-01-23,-73.6643,-138.2294,ASCAT,0.0,0.0,False,False,False,False,length_below_openberg_minimum
286,2021-01-24,-73.6595,-138.4516,ASCAT,0.0,0.0,False,False,False,False,length_below_openberg_minimum
287,2021-01-25,-73.6546,-138.8005,ASCAT,0.0,0.0,False,False,False,False,length_below_openberg_minimum
288,2021-01-26,-73.7022,-139.0331,ASCAT,0.0,0.0,False,False,False,False,length_below_openberg_minimum
289,2021-01-27,-73.7314,-139.3227,ASCAT,0.0,0.0,False,False,False,False,length_below_openberg_minimum
290,2021-01-28,-73.7768,-139.5629,ASCAT,0.0,0.0,False,False,False,False,length_below_openberg_minimum
291,2021-01-29,-73.792,-139.6272,ASCAT,27780.0,11112.0,False,False,False,False,length_exceeds_openberg_maximum
292,2021-01-30,-73.7663,-139.8049,ASCAT,0.0,0.0,False,False,False,False,length_below_openberg_minimum
293,2021-01-31,-73.7781,-139.9578,ASCAT,0.0,0.0,False,False,False,False,length_below_openberg_minimum
294,2021-02-01,-73.8014,-140.1561,ASCAT,0.0,0.0,False,False,False,False,length_below_openberg_minimum
295,2021-02-02,-73.8355,-140.384,ASCAT,0.0,0.0,False,False,False,False,length_below_openberg_minimum
296,2021-02-03,-73.8742,-140.5717,ASCAT,0.0,0.0,False,False,False,False,length_below_openberg_minimum
297,2021-02-04,-73.9113,-140.6498,ASCAT,0.0,0.0,False,False,False,False,length_below_openberg_minimum
298,2021-02-05,-73.9502,-140.6244,ASCAT,27780.0,11112.0,False,False,False,False,length_exceeds_openberg_maximum
299,2021-02-06,-73.9955,-140.559,ASCAT,0.0,0.0,False,False,False,False,length_below_openberg_minimum
300,2021-02-07,-74.0427,-140.4695,ASCAT,0.0,0.0,False,False,False,False,length_below_openberg_minimum
301,2021-02-08,-74.0872,-140.3721,ASCAT,0.0,0.0,False,False,False,False,length_below_openberg_minimum
302,2021-02-09,-74.1245,-140.2826,ASCAT,0.0,0.0,False,False,False,False,length_below_openberg_minimum
303,2021-02-10,-74.1502,-140.2172,ASCAT,0.0,0.0,False,False,False,False,length_below_openberg_minimum
304,2021-02-11,-74.1598,-140.1918,ASCAT,0.0,0.0,False,False,False,False,length_below_openberg_minimum
305,2021-02-12,-74.154,-140.1958,ASCAT,27780.0,11112.0,False,False,False,False,length_exceeds_openberg_maximum
306,2021-02-13,-74.1381,-140.2078,ASCAT,0.0,0.0,False,False,False,False,length_below_openberg_minimum
307,2021-02-14,-74.114,-140.2282,ASCAT,0.0,0.0,False,False,False,False,length_below_openberg_minimum
308,2021-02-15,-74.0838,-140.2574,ASCAT,0.0,0.0,False,False,False,False,length_below_openberg_minimum
309,2021-02-16,-74.0495,-140.2954,ASCAT,0.0,0.0,False,False,False,False,length_below_openberg_minimum
310,2021-02-17,-74.0131,-140.3427,ASCAT,0.0,0.0,False,False,False,False,length_below_openberg_minimum
311,2021-02-18,-73.9768,-140.3996,ASCAT,0.0,0.0,False,False,False,False,length_below_openberg_minimum
312,2021-02-19,-73.9425,-140.4662,ASCAT,27780.0,11112.0,False,False,False,False,length_exceeds_openberg_maximum
313,2021-02-20,-73.9122,-140.543,ASCAT,0.0,0.0,False,False,False,False,length_below_openberg_minimum
314,2021-02-21,-73.8846,-140.7682,ASCAT,0.0,0.0,False,False,False,False,length_below_openberg_minimum
315,2021-02-22,-73.8715,-140.9933,ASCAT,0.0,0.0,False,False,False,False,length_below_openberg_minimum
316,2021-02-23,-73.9197,-141.1971,ASCAT,0.0,0.0,False,False,False,False,length_below_openberg_minimum
317,2021-02-24,-73.968,-141.3066,ASCAT,0.0,0.0,False,False,False,False,length_below_openberg_minimum
318,2021-02-25,-73.968,-141.3066,ASCAT,0.0,0.0,False,False,False,False,length_below_openberg_minimum
319,2021-02-26,-74.0566,-141.4685,ASCAT,27780.0,11112.0,False,False,False,False,length_exceeds_openberg_maximum
320,2021-02-27,-74.0566,-141.4685,ASCAT,0.0,0.0,False,False,False,False,length_below_openberg_minimum
321,2021-02-28,-74.0904,-141.5689,ASCAT,0.0,0.0,False,False,False,False,length_below_openberg_minimum
322,2021-03-01,-74.128,-141.5594,ASCAT,0.0,0.0,False,False,False,False,length_below_openberg_minimum
323,2021-03-02,-74.188,-141.5994,ASCAT,0.0,0.0,False,False,False,False,length_below_openberg_minimum
324,2021-03-03,-74.2291,-141.6992,ASCAT,0.0,0.0,False,False,False,False,length_below_openberg_minimum
325,2021-03-04,-74.2317,-141.9763,ASCAT,0.0,0.0,False,False,False,False,length_below_openberg_minimum
326,2021-03-05,-74.2317,-141.9763,ASCAT,27780.0,11112.0,False,False,False,False,length_exceeds_openberg_maximum
327,2021-03-06,-74.2888,-142.383,ASCAT,0.0,0.0,False,False,False,False,length_below_openberg_minimum
328,2021-03-07,-74.3285,-142.5481,ASCAT,0.0,0.0,False,False,False,False,length_below_openberg_minimum
329,2021-03-08,-74.3357,-143.0457,ASCAT,0.0,0.0,False,False,False,False,length_below_openberg_minimum
330,2021-03-09,-74.2974,-143.5205,ASCAT,0.0,0.0,False,False,False,False,length_below_openberg_minimum
331,2021-03-10,-74.2354,-143.9632,ASCAT,0.0,0.0,False,False,False,False,length_below_openberg_minimum
332,2021-03-11,-74.1577,-144.1849,ASCAT,0.0,0.0,False,False,False,False,length_below_openberg_minimum
333,2021-03-12,-74.0697,-144.3598,ASCAT,27780.0,11112.0,False,False,False,False,length_exceeds_openberg_maximum
334,2021-03-13,-73.9897,-144.4812,ASCAT,0.0,0.0,False,False,False,False,length_below_openberg_minimum
335,2021-03-14,-73.9355,-144.5424,ASCAT,0.0,0.0,False,False,False,False,length_below_openberg_minimum
336,2021-03-15,-73.9013,-144.5662,ASCAT,0.0,0.0,False,False,False,False,length_below_openberg_minimum
337,2021-03-16,-73.8697,-144.5818,ASCAT,0.0,0.0,False,False,False,False,length_below_openberg_minimum
338,2021-03-17,-73.8417,-144.5923,ASCAT,0.0,0.0,False,False,False,False,length_below_openberg_minimum
339,2021-03-18,-73.8183,-144.6009,ASCAT,0.0,0.0,False,False,False,False,length_below_openberg_minimum
340,2021-03-19,-73.8004,-144.6106,ASCAT,27780.0,11112.0,False,False,False,False,length_exceeds_openberg_maximum
341,2021-03-20,-73.7889,-144.6245,ASCAT,0.0,0.0,False,False,False,False,length_below_openberg_minimum
342,2021-03-21,-73.7849,-144.6457,ASCAT,0.0,0.0,False,False,False,False,length_below_openberg_minimum
343,2021-03-22,-73.7962,-144.7117,ASCAT,0.0,0.0,False,False,False,False,length_below_openberg_minimum
344,2021-03-23,-73.8263,-144.8445,ASCAT,0.0,0.0,False,False,False,False,length_below_openberg_minimum
345,2021-03-24,-73.87,-145.0243,ASCAT,0.0,0.0,False,False,False,False,length_below_openberg_minimum
346,2021-03-25,-73.9218,-145.2311,ASCAT,0.0,0.0,False,False,False,False,length_below_openberg_minimum
347,2021-03-26,-73.9763,-145.4449,ASCAT,27780.0,11112.0,False,False,False,False,length_exceeds_openberg_maximum
348,2021-03-27,-74.0281,-145.6459,ASCAT,0.0,0.0,False,False,False,False,length_below_openberg_minimum
349,2021-03-28,-74.0718,-145.8141,ASCAT,0.0,0.0,False,False,False,False,length_below_openberg_minimum
350,2021-03-29,-74.1019,-145.9297,ASCAT,0.0,0.0,False,False,False,False,length_below_openberg_minimum
351,2021-03-30,-74.1132,-145.9726,ASCAT,0.0,0.0,False,False,False,False,length_below_openberg_minimum
352,2021-03-31,-74.1132,-145.9726,ASCAT,0.0,0.0,False,False,False,False,length_below_openberg_minimum
353,2021-04-01,-74.1392,-145.6718,ASCAT,0.0,0.0,False,False,False,False,length_below_openberg_minimum
354,2021-04-02,-74.1522,-145.5024,ASCAT,27780.0,11112.0,False,False,False,False,length_exceeds_openberg_maximum
355,2021-04-03,-74.1627,-145.3399,ASCAT,0.0,0.0,False,False,False,False,length_below_openberg_minimum
356,2021-04-04,-74.1748,-145.0813,ASCAT,0.0,0.0,False,False,False,False,length_below_openberg_minimum
357,2021-04-05,-74.1357,-144.9352,ASCAT,0.0,0.0,False,False,False,False,length_below_openberg_minimum
358,2021-04-06,-74.0948,-144.974,ASCAT,0.0,0.0,False,False,False,False,length_below_openberg_minimum
359,2021-04-07,-74.0948,-144.974,ASCAT,0.0,0.0,False,False,False,False,length_below_openberg_minimum
360,2021-04-08,-74.0553,-145.1502,ASCAT,0.0,0.0,False,False,False,False,length_below_openberg_minimum
361,2021-04-09,-74.0179,-145.3597,ASCAT,27780.0,11112.0,False,False,False,False,length_exceeds_openberg_maximum
362,2021-04-10,-73.9975,-145.4833,ASCAT,0.0,0.0,False,False,False,False,length_below_openberg_minimum
363,2021-04-11,-74.0044,-145.3439,ASCAT,0.0,0.0,False,False,False,False,length_below_openberg_minimum
364,2021-04-12,-74.0044,-145.3439,ASCAT,0.0,0.0,False,False,False,False,length_below_openberg_minimum
365,2021-04-13,-73.9414,-145.3075,ASCAT,0.0,0.0,False,False,False,False,length_below_openberg_minimum
366,2021-04-14,-73.8414,-145.271,ASCAT,0.0,0.0,False,False,False,False,length_below_openberg_minimum
367,2021-04-15,-73.7725,-145.5456,ASCAT,0.0,0.0,False,False,False,False,length_below_openberg_minimum
368,2021-04-16,-73.7483,-145.3991,ASCAT,27780.0,11112.0,False,False,False,False,length_exceeds_openberg_maximum
369,2021-04-17,-73.678,-145.1095,ASCAT,0.0,0.0,False,False,False,False,length_below_openberg_minimum
370,2021-04-18,-73.678,-145.1095,ASCAT,0.0,0.0,False,False,False,False,length_below_openberg_minimum
371,2021-04-19,-73.6847,-145.1422,ASCAT,0.0,0.0,False,False,False,False,length_below_openberg_minimum
372,2021-04-20,-73.7031,-145.2265,ASCAT,0.0,0.0,False,False,False,False,length_below_openberg_minimum
373,2021-04-21,-73.7307,-145.342,ASCAT,0.0,0.0,False,False,False,False,length_below_openberg_minimum
374,2021-04-22,-73.7651,-145.4681,ASCAT,0.0,0.0,False,False,False,False,length_below_openberg_minimum
375,2021-04-23,-73.8036,-145.5845,ASCAT,27780.0,11112.0,False,False,False,False,length_exceeds_openberg_maximum
376,2021-04-24,-73.8438,-145.6705,ASCAT,0.0,0.0,False,False,False,False,length_below_openberg_minimum
377,2021-04-25,-73.8833,-145.7057,ASCAT,0.0,0.0,False,False,False,False,length_below_openberg_minimum
378,2021-04-26,-73.9277,-145.7082,ASCAT,0.0,0.0,False,False,False,False,length_below_openberg_minimum
379,2021-04-27,-73.9823,-145.7099,ASCAT,0.0,0.0,False,False,False,False,length_below_openberg_minimum
380,2021-04-28,-74.0442,-145.711,ASCAT,0.0,0.0,False,False,False,False,length_below_openberg_minimum
381,2021-04-29,-74.1103,-145.7117,ASCAT,0.0,0.0,False,False,False,False,length_below_openberg_minimum
382,2021-04-30,-74.1774,-145.7124,ASCAT,27780.0,11112.0,False,False,False,False,length_exceeds_openberg_maximum
383,2021-05-01,-74.2427,-145.7132,ASCAT,0.0,0.0,False,False,False,False,length_below_openberg_minimum
384,2021-05-02,-74.303,-145.7144,ASCAT,0.0,0.0,False,False,False,False,length_below_openberg_minimum
385,2021-05-03,-74.3552,-145.7162,ASCAT,0.0,0.0,False,False,False,False,length_below_openberg_minimum
386,2021-05-04,-74.3964,-145.7188,ASCAT,0.0,0.0,False,False,False,False,length_below_openberg_minimum
387,2021-05-05,-74.4322,-145.7465,ASCAT,0.0,0.0,False,False,False,False,length_below_openberg_minimum
388,2021-05-06,-74.4673,-145.814,ASCAT,0.0,0.0,False,False,False,False,length_below_openberg_minimum
389,2021-05-07,-74.4977,-145.9075,ASCAT,27780.0,11112.0,False,False,False,False,length_exceeds_openberg_maximum
390,2021-05-08,-74.519,-146.0128,ASCAT,0.0,0.0,False,False,False,False,length_below_openberg_minimum
391,2021-05-09,-74.5271,-146.1161,ASCAT,0.0,0.0,False,False,False,False,length_below_openberg_minimum
392,2021-05-10,-74.527,-146.2387,ASCAT,0.0,0.0,False,False,False,False,length_below_openberg_minimum
393,2021-05-11,-74.5267,-146.3979,ASCAT,0.0,0.0,False,False,False,False,length_below_openberg_minimum
394,2021-05-12,-74.526,-146.5733,ASCAT,0.0,0.0,False,False,False,False,length_below_openberg_minimum
395,2021-05-13,-74.5248,-146.7449,ASCAT,0.0,0.0,False,False,False,False,length_below_openberg_minimum
396,2021-05-14,-74.5232,-146.8924,ASCAT,27780.0,11112.0,False,False,False,False,length_exceeds_openberg_maximum
397,2021-05-15,-74.5208,-146.9958,ASCAT,0.0,0.0,False,False,False,False,length_below_openberg_minimum
398,2021-05-16,-74.5178,-147.0347,ASCAT,0.0,0.0,False,False,False,False,length_below_openberg_minimum
399,2021-05-17,-74.4458,-146.8904,ASCAT,0.0,0.0,False,False,False,False,length_below_openberg_minimum
400,2021-05-18,-74.3887,-146.8397,ASCAT,0.0,0.0,False,False,False,False,length_below_openberg_minimum
401,2021-05-19,-74.3502,-146.7543,ASCAT,0.0,0.0,False,False,False,False,length_below_openberg_minimum
402,2021-05-20,-74.3698,-146.8654,ASCAT,0.0,0.0,False,False,False,False,length_below_openberg_minimum
403,2021-05-21,-74.3698,-146.8654,ASCAT,27780.0,11112.0,False,False,False,False,length_exceeds_openberg_maximum
404,2021-05-22,-74.4771,-146.6759,ASCAT,0.0,0.0,False,False,False,False,length_below_openberg_minimum
405,2021-05-23,-74.5844,-146.4864,ASCAT,0.0,0.0,False,False,False,False,length_below_openberg_minimum
406,2021-05-24,-74.5844,-146.4864,ASCAT,0.0,0.0,False,False,False,False,length_below_openberg_minimum
407,2021-05-25,-74.6981,-146.5905,ASCAT,0.0,0.0,False,False,False,False,length_below_openberg_minimum
408,2021-05-26,-74.8305,-147.2344,ASCAT,0.0,0.0,False,False,False,False,length_below_openberg_minimum
409,2021-05-27,-74.9804,-147.9174,ASCAT,0.0,0.0,False,False,False,False,length_below_openberg_minimum
410,2021-05-28,-74.9868,-147.9644,ASCAT,27780.0,11112.0,False,False,False,False,length_exceeds_openberg_maximum
411,2021-05-29,-75.0749,-148.445,ASCAT,0.0,0.0,False,False,False,False,length_below_openberg_minimum
412,2021-05-30,-75.0885,-148.605,ASCAT,0.0,0.0,False,False,False,False,length_below_openberg_minimum
413,2021-05-31,-75.1211,-148.828,ASCAT,0.0,0.0,False,False,False,False,length_below_openberg_minimum
414,2021-06-01,-75.1448,-148.9667,ASCAT,0.0,0.0,False,False,False,False,length_below_openberg_minimum
415,2021-06-02,-75.1448,-148.9667,ASCAT,0.0,0.0,False,False,False,False,length_below_openberg_minimum
416,2021-06-03,-75.1852,-149.23,ASCAT,0.0,0.0,False,False,False,False,length_below_openberg_minimum
417,2021-06-04,-75.25,-149.39,ASCAT,27780.0,11112.0,False,False,False,False,length_exceeds_openberg_maximum
418,2021-06-05,-75.2698,-149.4853,ASCAT,0.0,0.0,False,False,False,False,length_below_openberg_minimum
419,2021-06-06,-75.2774,-149.5297,ASCAT,0.0,0.0,False,False,False,False,length_below_openberg_minimum
420,2021-06-07,-75.2774,-149.5297,ASCAT,0.0,0.0,False,False,False,False,length_below_openberg_minimum
421,2021-06-08,-75.2774,-149.5297,ASCAT,0.0,0.0,False,False,False,False,length_below_openberg_minimum
422,2021-06-09,-75.2757,-149.6758,ASCAT,0.0,0.0,False,False,False,False,length_below_openberg_minimum
423,2021-06-10,-75.3781,-150.7022,ASCAT,0.0,0.0,False,False,False,False,length_below_openberg_minimum
424,2021-06-11,-75.4471,-151.2723,ASCAT,27780.0,11112.0,False,False,False,False,length_exceeds_openberg_maximum
425,2021-06-12,-75.4855,-151.7,ASCAT,0.0,0.0,False,False,False,False,length_below_openberg_minimum
426,2021-06-13,-75.5187,-152.0932,ASCAT,0.0,0.0,False,False,False,False,length_below_openberg_minimum
427,2021-06-14,-75.5471,-152.4521,ASCAT,0.0,0.0,False,False,False,False,length_below_openberg_minimum
428,2021-06-15,-75.571,-152.7774,ASCAT,0.0,0.0,False,False,False,False,length_below_openberg_minimum
429,2021-06-16,-75.5906,-153.0693,ASCAT,0.0,0.0,False,False,False,False,length_below_openberg_minimum
430,2021-06-17,-75.6065,-153.3282,ASCAT,0.0,0.0,False,False,False,False,length_below_openberg_minimum
431,2021-06-18,-75.6188,-153.5547,ASCAT,27780.0,11112.0,False,False,False,False,length_exceeds_openberg_maximum
432,2021-06-19,-75.6293,-153.7672,ASCAT,0.0,0.0,False,False,False,False,length_below_openberg_minimum
433,2021-06-20,-75.6392,-153.9803,ASCAT,0.0,0.0,False,False,False,False,length_below_openberg_minimum
434,2021-06-21,-75.6486,-154.1887,ASCAT,0.0,0.0,False,False,False,False,length_below_openberg_minimum
435,2021-06-22,-75.6571,-154.3868,ASCAT,0.0,0.0,False,False,False,False,length_below_openberg_minimum
436,2021-06-23,-75.6647,-154.5693,ASCAT,0.0,0.0,False,False,False,False,length_below_openberg_minimum
437,2021-06-24,-75.6713,-154.7308,ASCAT,0.0,0.0,False,False,False,False,length_below_openberg_minimum
438,2021-06-25,-75.6766,-154.8659,ASCAT,27780.0,11112.0,False,False,False,False,length_exceeds_openberg_maximum
439,2021-06-26,-75.6806,-154.9691,ASCAT,0.0,0.0,False,False,False,False,length_below_openberg_minimum
440,2021-06-27,-75.6831,-155.0349,ASCAT,0.0,0.0,False,False,False,False,length_below_openberg_minimum
441,2021-06-28,-75.684,-155.0581,ASCAT,0.0,0.0,False,False,False,False,length_below_openberg_minimum
442,2021-06-29,-75.681,-155.0167,ASCAT,0.0,0.0,False,False,False,False,length_below_openberg_minimum
443,2021-06-30,-75.6732,-154.9181,ASCAT,0.0,0.0,False,False,False,False,length_below_openberg_minimum
444,2021-07-01,-75.6627,-154.8005,ASCAT,0.0,0.0,False,False,False,False,length_below_openberg_minimum
445,2021-07-02,-75.6514,-154.7019,ASCAT,27780.0,11112.0,False,False,False,False,length_exceeds_openberg_maximum
446,2021-07-03,-75.6414,-154.6605,ASCAT,0.0,0.0,False,False,False,False,length_below_openberg_minimum
447,2021-07-04,-75.6316,-154.6896,ASCAT,0.0,0.0,False,False,False,False,length_below_openberg_minimum
448,2021-07-05,-75.6202,-154.77,ASCAT,0.0,0.0,False,False,False,False,length_below_openberg_minimum
449,2021-07-06,-75.6084,-154.8917,ASCAT,0.0,0.0,False,False,False,False,length_below_openberg_minimum
450,2021-07-07,-75.5972,-155.0445,ASCAT,0.0,0.0,False,False,False,False,length_below_openberg_minimum
451,2021-07-08,-75.5879,-155.2184,ASCAT,0.0,0.0,False,False,False,False,length_below_openberg_minimum
452,2021-07-09,-75.5815,-155.4033,ASCAT,27780.0,11112.0,False,False,False,False,length_exceeds_openberg_maximum
453,2021-07-10,-75.5791,-155.589,ASCAT,0.0,0.0,False,False,False,False,length_below_openberg_minimum
454,2021-07-11,-75.5905,-155.8586,ASCAT,0.0,0.0,False,False,False,False,length_below_openberg_minimum
455,2021-07-12,-75.6157,-156.2141,ASCAT,0.0,0.0,False,False,False,False,length_below_openberg_minimum
456,2021-07-13,-75.6409,-156.5239,ASCAT,0.0,0.0,False,False,False,False,length_below_openberg_minimum
457,2021-07-14,-75.6523,-156.6564,ASCAT,0.0,0.0,False,False,False,False,length_below_openberg_minimum
458,2021-07-15,-75.6523,-156.6564,ASCAT,0.0,0.0,False,False,False,False,length_below_openberg_minimum
459,2021-07-16,-75.6736,-157.2761,ASCAT,27780.0,11112.0,False,False,False,False,length_exceeds_openberg_maximum
460,2021-07-17,-75.6919,-157.6814,ASCAT,0.0,0.0,False,False,False,False,length_below_openberg_minimum
461,2021-07-18,-75.7073,-157.9888,ASCAT,0.0,0.0,False,False,False,False,length_below_openberg_minimum
462,2021-07-19,-75.7239,-158.2693,ASCAT,0.0,0.0,False,False,False,False,length_below_openberg_minimum
463,2021-07-20,-75.746,-158.5936,ASCAT,0.0,0.0,False,False,False,False,length_below_openberg_minimum
464,2021-07-21,-75.7776,-159.0325,ASCAT,0.0,0.0,False,False,False,False,length_below_openberg_minimum
465,2021-07-22,-75.8562,-159.7807,ASCAT,0.0,0.0,False,False,False,False,length_below_openberg_minimum
466,2021-07-23,-75.8828,-159.9919,ASCAT,27780.0,11112.0,False,False,False,False,length_exceeds_openberg_maximum
467,2021-07-24,-75.8933,-160.0715,ASCAT,0.0,0.0,False,False,False,False,length_below_openberg_minimum
468,2021-07-25,-75.8933,-160.0715,ASCAT,0.0,0.0,False,False,False,False,length_below_openberg_minimum
469,2021-07-26,-75.8933,-160.0715,ASCAT,0.0,0.0,False,False,False,False,length_below_openberg_minimum
470,2021-07-27,-75.8933,-160.0715,ASCAT,0.0,0.0,False,False,False,False,length_below_openberg_minimum
471,2021-07-28,-75.7528,-160.4682,ASCAT,0.0,0.0,False,False,False,False,length_below_openberg_minimum
472,2021-07-29,-75.6498,-160.5257,ASCAT,0.0,0.0,False,False,False,False,length_below_openberg_minimum
473,2021-07-30,-75.5988,-160.6875,ASCAT,27780.0,11112.0,False,False,False,False,length_exceeds_openberg_maximum
474,2021-07-31,-75.5173,-160.6088,ASCAT,0.0,0.0,False,False,False,False,length_below_openberg_minimum
475,2021-08-01,-75.4435,-160.386,ASCAT,0.0,0.0,False,False,False,False,length_below_openberg_minimum
476,2021-08-02,-75.3179,-160.2408,ASCAT,0.0,0.0,False,False,False,False,length_below_openberg_minimum
477,2021-08-03,-75.174,-160.171,ASCAT,0.0,0.0,False,False,False,False,length_below_openberg_minimum
478,2021-08-04,-75.0496,-160.2352,ASCAT,0.0,0.0,False,False,False,False,length_below_openberg_minimum
479,2021-08-05,-75.0496,-160.2352,ASCAT,0.0,0.0,False,False,False,False,length_below_openberg_minimum
480,2021-08-06,-74.9801,-160.5324,ASCAT,27780.0,11112.0,False,False,False,False,length_exceeds_openberg_maximum
481,2021-08-07,-74.9239,-160.5666,ASCAT,0.0,0.0,False,False,False,False,length_below_openberg_minimum
482,2021-08-08,-74.8687,-160.5981,ASCAT,0.0,0.0,False,False,False,False,length_below_openberg_minimum
483,2021-08-09,-74.8036,-160.7701,ASCAT,0.0,0.0,False,False,False,False,length_below_openberg_minimum
484,2021-08-10,-74.8036,-160.7701,ASCAT,0.0,0.0,False,False,False,False,length_below_openberg_minimum
485,2021-08-11,-74.8153,-160.9672,ASCAT,0.0,0.0,False,False,False,False,length_below_openberg_minimum
486,2021-08-12,-74.8153,-160.9672,ASCAT,0.0,0.0,False,False,False,False,length_below_openberg_minimum
487,2021-08-13,-74.8119,-161.2829,ASCAT,27780.0,11112.0,False,False,False,False,length_exceeds_openberg_maximum
488,2021-08-14,-74.8139,-161.3543,ASCAT,0.0,0.0,False,False,False,False,length_below_openberg_minimum
489,2021-08-15,-74.8193,-161.4289,ASCAT,0.0,0.0,False,False,False,False,length_below_openberg_minimum
490,2021-08-16,-74.8435,-161.8296,ASCAT,0.0,0.0,False,False,False,False,length_below_openberg_minimum
491,2021-08-17,-74.7868,-162.2852,ASCAT,0.0,0.0,False,False,False,False,length_below_openberg_minimum
492,2021-08-18,-74.7171,-162.6607,ASCAT,0.0,0.0,False,False,False,False,length_below_openberg_minimum
493,2021-08-19,-74.6388,-163.0171,ASCAT,0.0,0.0,False,False,False,False,length_below_openberg_minimum
494,2021-08-20,-74.562,-163.2833,ASCAT,27780.0,11112.0,False,False,False,False,length_exceeds_openberg_maximum
495,2021-08-21,-74.4966,-163.3878,ASCAT,0.0,0.0,False,False,False,False,length_below_openberg_minimum
496,2021-08-22,-74.4476,-163.3019,ASCAT,0.0,0.0,False,False,False,False,length_below_openberg_minimum
497,2021-08-23,-74.4498,-163.7265,ASCAT,0.0,0.0,False,False,False,False,length_below_openberg_minimum
498,2021-08-24,-74.3053,-164.0269,ASCAT,0.0,0.0,False,False,False,False,length_below_openberg_minimum
499,2021-08-25,-74.2901,-164.3597,ASCAT,0.0,0.0,False,False,False,False,length_below_openberg_minimum
500,2021-08-26,-74.2833,-164.6821,ASCAT,0.0,0.0,False,False,False,False,length_below_openberg_minimum
501,2021-08-27,-74.2725,-164.8439,ASCAT,27780.0,11112.0,False,False,False,False,length_exceeds_openberg_maximum
502,2021-08-28,-74.2373,-164.8733,ASCAT,0.0,0.0,False,False,False,False,length_below_openberg_minimum
503,2021-08-29,-74.1705,-164.8987,ASCAT,0.0,0.0,False,False,False,False,length_below_openberg_minimum
504,2021-08-30,-74.0795,-164.9202,ASCAT,0.0,0.0,False,False,False,False,length_below_openberg_minimum
505,2021-08-31,-73.9715,-164.9382,ASCAT,0.0,0.0,False,False,False,False,length_below_openberg_minimum
506,2021-09-01,-73.8537,-164.9527,ASCAT,0.0,0.0,False,False,False,False,length_below_openberg_minimum
507,2021-09-02,-73.7334,-164.9641,ASCAT,0.0,0.0,False,False,False,False,length_below_openberg_minimum
508,2021-09-03,-73.6177,-164.9726,ASCAT,27780.0,11112.0,False,False,False,False,length_exceeds_openberg_maximum
509,2021-09-04,-73.5138,-164.9784,ASCAT,0.0,0.0,False,False,False,False,length_below_openberg_minimum
510,2021-09-05,-73.4291,-164.9817,ASCAT,0.0,0.0,False,False,False,False,length_below_openberg_minimum
511,2021-09-06,-73.3708,-164.9827,ASCAT,0.0,0.0,False,False,False,False,length_below_openberg_minimum
512,2021-09-07,-73.335,-164.9773,ASCAT,0.0,0.0,False,False,False,False,length_below_openberg_minimum
513,2021-09-08,-73.3087,-164.9644,ASCAT,0.0,0.0,False,False,False,False,length_below_openberg_minimum
514,2021-09-09,-73.2852,-164.949,ASCAT,0.0,0.0,False,False,False,False,length_below_openberg_minimum
515,2021-09-10,-73.258,-164.9361,ASCAT,27780.0,11112.0,False,False,False,False,length_exceeds_openberg_maximum
516,2021-09-11,-73.2203,-164.9307,ASCAT,0.0,0.0,False,False,False,False,length_below_openberg_minimum
517,2021-09-12,-73.1515,-164.9532,ASCAT,0.0,0.0,False,False,False,False,length_below_openberg_minimum
518,2021-09-13,-73.0458,-165.0111,ASCAT,0.0,0.0,False,False,False,False,length_below_openberg_minimum
519,2021-09-14,-72.9188,-165.0903,ASCAT,0.0,0.0,False,False,False,False,length_below_openberg_minimum
520,2021-09-15,-72.7859,-165.1767,ASCAT,0.0,0.0,False,False,False,False,length_below_openberg_minimum
521,2021-09-16,-72.6629,-165.2559,ASCAT,0.0,0.0,False,False,False,False,length_below_openberg_minimum
522,2021-09-17,-72.5652,-165.3138,ASCAT,27780.0,11112.0,False,False,False,False,length_exceeds_openberg_maximum
523,2021-09-18,-72.5085,-165.3363,ASCAT,0.0,0.0,False,False,False,False,length_below_openberg_minimum
524,2021-09-19,-72.4788,-165.317,ASCAT,0.0,0.0,False,False,False,False,length_below_openberg_minimum
525,2021-09-20,-72.4537,-165.2681,ASCAT,0.0,0.0,False,False,False,False,length_below_openberg_minimum
526,2021-09-21,-72.4364,-165.2027,ASCAT,0.0,0.0,False,False,False,False,length_below_openberg_minimum
527,2021-09-22,-72.4299,-165.1341,ASCAT,0.0,0.0,False,False,False,False,length_below_openberg_minimum
528,2021-09-23,-72.4857,-165.0518,ASCAT,0.0,0.0,False,False,False,False,length_below_openberg_minimum
529,2021-09-24,-72.4828,-165.1445,ASCAT,27780.0,11112.0,False,False,False,False,length_exceeds_openberg_maximum
530,2021-09-25,-72.4667,-165.2419,ASCAT,0.0,0.0,False,False,False,False,length_below_openberg_minimum
531,2021-09-26,-72.4308,-165.3425,ASCAT,0.0,0.0,False,False,False,False,length_below_openberg_minimum
532,2021-09-27,-72.3799,-165.4436,ASCAT,0.0,0.0,False,False,False,False,length_below_openberg_minimum
533,2021-09-28,-72.3187,-165.5424,ASCAT,0.0,0.0,False,False,False,False,length_below_openberg_minimum
534,2021-09-29,-72.252,-165.6359,ASCAT,0.0,0.0,False,False,False,False,length_below_openberg_minimum
535,2021-09-30,-72.1552,-165.7213,ASCAT,0.0,0.0,False,False,False,False,length_below_openberg_minimum
536,2021-10-01,-72.0887,-165.9117,ASCAT,27780.0,11112.0,False,False,False,False,length_exceeds_openberg_maximum
537,2021-10-02,-72.0562,-166.048,ASCAT,0.0,0.0,False,False,False,False,length_below_openberg_minimum
538,2021-10-03,-72.0562,-166.048,ASCAT,0.0,0.0,False,False,False,False,length_below_openberg_minimum
539,2021-10-04,-71.9389,-165.9998,ASCAT,0.0,0.0,False,False,False,False,length_below_openberg_minimum
540,2021-10-05,-71.8691,-166.0327,ASCAT,0.0,0.0,False,False,False,False,length_below_openberg_minimum
541,2021-10-06,-71.6727,-166.1608,ASCAT,0.0,0.0,False,False,False,False,length_below_openberg_minimum
542,2021-10-07,-71.5577,-166.1425,ASCAT,0.0,0.0,False,False,False,False,length_below_openberg_minimum
543,2021-10-08,-71.5577,-166.1425,ASCAT,27780.0,11112.0,False,False,False,False,length_exceeds_openberg_maximum
544,2021-10-09,-71.5305,-166.0604,ASCAT,0.0,0.0,False,False,False,False,length_below_openberg_minimum
545,2021-10-10,-71.5305,-166.0604,ASCAT,0.0,0.0,False,False,False,False,length_below_openberg_minimum
546,2021-10-11,-71.4879,-165.9365,ASCAT,0.0,0.0,False,False,False,False,length_below_openberg_minimum
547,2021-10-12,-71.4076,-165.8126,ASCAT,0.0,0.0,False,False,False,False,length_below_openberg_minimum
548,2021-10-13,-71.3155,-165.9514,ASCAT,0.0,0.0,False,False,False,False,length_below_openberg_minimum
549,2021-10-14,-71.2682,-165.8777,ASCAT,0.0,0.0,False,False,False,False,length_below_openberg_minimum
550,2021-10-15,-71.2243,-166.1016,ASCAT,27780.0,11112.0,False,False,False,False,length_exceeds_openberg_maximum
551,2021-10-16,-71.1524,-166.1021,ASCAT,0.0,0.0,False,False,False,False,length_below_openberg_minimum
552,2021-10-17,-71.0801,-166.1023,ASCAT,0.0,0.0,False,False,False,False,length_below_openberg_minimum
553,2021-10-18,-71.0353,-166.0578,ASCAT,0.0,0.0,False,False,False,False,length_below_openberg_minimum
554,2021-10-19,-71.0353,-166.0578,ASCAT,0.0,0.0,False,False,False,False,length_below_openberg_minimum
555,2021-10-20,-70.91,-166.4723,ASCAT,0.0,0.0,False,False,False,False,length_below_openberg_minimum
556,2021-10-21,-70.7744,-166.8412,ASCAT,0.0,0.0,False,False,False,False,length_below_openberg_minimum
557,2021-10-22,-70.6488,-166.8153,ASCAT,27780.0,11112.0,False,False,False,False,length_exceeds_openberg_maximum
558,2021-10-23,-70.6341,-166.7685,ASCAT,0.0,0.0,False,False,False,False,length_below_openberg_minimum
559,2021-10-24,-70.6212,-166.737,ASCAT,0.0,0.0,False,False,False,False,length_below_openberg_minimum
560,2021-10-25,-70.5637,-166.9118,ASCAT,0.0,0.0,False,False,False,False,length_below_openberg_minimum
561,2021-10-26,-70.5047,-166.9474,ASCAT,0.0,0.0,False,False,False,False,length_below_openberg_minimum
562,2021-10-27,-70.4535,-166.9187,ASCAT,0.0,0.0,False,False,False,False,length_below_openberg_minimum
563,2021-10-28,-70.4067,-166.8433,ASCAT,0.0,0.0,False,False,False,False,length_below_openberg_minimum
564,2021-10-29,-70.3589,-166.7378,ASCAT,27780.0,11112.0,False,False,False,False,length_exceeds_openberg_maximum
565,2021-10-30,-70.305,-166.6184,ASCAT,0.0,0.0,False,False,False,False,length_below_openberg_minimum
566,2021-10-31,-70.2387,-166.4424,ASCAT,0.0,0.0,False,False,False,False,length_below_openberg_minimum
567,2021-11-01,-70.1811,-166.2413,ASCAT,0.0,0.0,False,False,False,False,length_below_openberg_minimum
568,2021-11-02,-70.1811,-166.2413,ASCAT,0.0,0.0,False,False,False,False,length_below_openberg_minimum
569,2021-11-03,-70.1535,-166.3103,ASCAT,0.0,0.0,False,False,False,False,length_below_openberg_minimum
570,2021-11-04,-70.0945,-166.4386,ASCAT,0.0,0.0,False,False,False,False,length_below_openberg_minimum
571,2021-11-05,-70.0396,-166.5076,ASCAT,27780.0,11112.0,False,False,False,False,length_exceeds_openberg_maximum
572,2021-11-06,-70.0,-166.5037,ASCAT,0.0,0.0,False,False,False,False,length_below_openberg_minimum
573,2021-11-07,-69.9627,-166.4923,ASCAT,0.0,0.0,False,False,False,False,length_below_openberg_minimum
574,2021-11-08,-69.9272,-166.4739,ASCAT,0.0,0.0,False,False,False,False,length_below_openberg_minimum
575,2021-11-09,-69.8933,-166.4489,ASCAT,0.0,0.0,False,False,False,False,length_below_openberg_minimum
576,2021-11-10,-69.8604,-166.4178,ASCAT,0.0,0.0,False,False,False,False,length_below_openberg_minimum
577,2021-11-11,-69.8283,-166.3811,ASCAT,0.0,0.0,False,False,False,False,length_below_openberg_minimum
578,2021-11-12,-69.7963,-166.339,ASCAT,27780.0,11112.0,False,False,False,False,length_exceeds_openberg_maximum
579,2021-11-13,-69.7643,-166.2923,ASCAT,0.0,0.0,False,False,False,False,length_below_openberg_minimum
580,2021-11-14,-69.7316,-166.2412,ASCAT,0.0,0.0,False,False,False,False,length_below_openberg_minimum
581,2021-11-15,-69.6981,-166.1862,ASCAT,0.0,0.0,False,False,False,False,length_below_openberg_minimum
582,2021-11-16,-69.6631,-166.1278,ASCAT,0.0,0.0,False,False,False,False,length_below_openberg_minimum
583,2021-11-17,-69.6263,-166.0165,ASCAT,0.0,0.0,False,False,False,False,length_below_openberg_minimum
584,2021-11-18,-69.5881,-165.8377,ASCAT,0.0,0.0,False,False,False,False,length_below_openberg_minimum
585,2021-11-19,-69.5498,-165.6445,ASCAT,27780.0,11112.0,False,False,False,False,length_exceeds_openberg_maximum
586,2021-11-20,-69.5126,-165.4898,ASCAT,0.0,0.0,False,False,False,False,length_below_openberg_minimum
587,2021-11-21,-69.4777,-165.4264,ASCAT,0.0,0.0,False,False,False,False,length_below_openberg_minimum
588,2021-11-22,-69.4451,-165.4305,ASCAT,0.0,0.0,False,False,False,False,length_below_openberg_minimum
589,2021-11-23,-69.4139,-165.4426,ASCAT,0.0,0.0,False,False,False,False,length_below_openberg_minimum
590,2021-11-24,-69.3838,-165.4623,ASCAT,0.0,0.0,False,False,False,False,length_below_openberg_minimum
591,2021-11-25,-69.3544,-165.4891,ASCAT,0.0,0.0,False,False,False,False,length_below_openberg_minimum
592,2021-11-26,-69.3255,-165.5226,ASCAT,27780.0,11112.0,False,False,False,False,length_exceeds_openberg_maximum
593,2021-11-27,-69.2968,-165.5623,ASCAT,0.0,0.0,False,False,False,False,length_below_openberg_minimum
594,2021-11-28,-69.2681,-165.608,ASCAT,0.0,0.0,False,False,False,False,length_below_openberg_minimum
595,2021-11-29,-69.2344,-165.7446,ASCAT,0.0,0.0,False,False,False,False,length_below_openberg_minimum
596,2021-11-30,-69.1977,-165.9823,ASCAT,0.0,0.0,False,False,False,False,length_below_openberg_minimum
597,2021-12-01,-69.1682,-166.2078,ASCAT,0.0,0.0,False,False,False,False,length_below_openberg_minimum
598,2021-12-02,-69.1561,-166.3081,ASCAT,0.0,0.0,False,False,False,False,length_below_openberg_minimum
599,2021-12-03,-69.1561,-166.3081,ASCAT,27780.0,11112.0,False,False,False,False,length_exceeds_openberg_maximum
600,2021-12-04,-69.1561,-166.3081,ASCAT,0.0,0.0,False,False,False,False,length_below_openberg_minimum
601,2021-12-05,-69.1365,-166.2655,ASCAT,0.0,0.0,False,False,False,False,length_below_openberg_minimum
602,2021-12-06,-69.084,-166.1591,ASCAT,0.0,0.0,False,False,False,False,length_below_openberg_minimum
603,2021-12-07,-69.0079,-166.0212,ASCAT,0.0,0.0,False,False,False,False,length_below_openberg_minimum
604,2021-12-08,-68.9174,-165.884,ASCAT,0.0,0.0,False,False,False,False,length_below_openberg_minimum
605,2021-12-09,-68.8221,-165.7797,ASCAT,0.0,0.0,False,False,False,False,length_below_openberg_minimum
606,2021-12-10,-68.6931,-165.714,ASCAT,27780.0,11112.0,False,False,False,False,length_exceeds_openberg_maximum
607,2021-12-11,-68.6772,-165.7103,ASCAT,0.0,0.0,False,False,False,False,length_below_openberg_minimum
608,2021-12-12,-68.672,-165.7092,ASCAT,0.0,0.0,False,False,False,False,length_below_openberg_minimum
609,2021-12-13,-68.672,-165.7092,ASCAT,0.0,0.0,False,False,False,False,length_below_openberg_minimum
610,2021-12-14,-68.5951,-165.7629,ASCAT,0.0,0.0,False,False,False,False,length_below_openberg_minimum
611,2021-12-15,-68.5434,-165.8681,ASCAT,0.0,0.0,False,False,False,False,length_below_openberg_minimum
612,2021-12-16,-68.5434,-165.8681,ASCAT,0.0,0.0,False,False,False,False,length_below_openberg_minimum
613,2021-12-17,-68.478,-165.9359,ASCAT,27780.0,11112.0,False,False,False,False,length_exceeds_openberg_maximum
614,2021-12-18,-68.4391,-165.9587,ASCAT,0.0,0.0,False,False,False,False,length_below_openberg_minimum
615,2021-12-19,-68.4334,-165.8973,ASCAT,0.0,0.0,False,False,False,False,length_below_openberg_minimum
616,2021-12-20,-68.4009,-165.9883,ASCAT,0.0,0.0,False,False,False,False,length_below_openberg_minimum
617,2021-12-21,-68.3757,-166.0475,ASCAT,0.0,0.0,False,False,False,False,length_below_openberg_minimum
618,2021-12-22,-68.3509,-166.0597,ASCAT,0.0,0.0,False,False,False,False,length_below_openberg_minimum
619,2021-12-23,-68.3372,-166.0734,ASCAT,0.0,0.0,False,False,False,False,length_below_openberg_minimum
620,2021-12-24,-68.3393,-166.2092,ASCAT,27780.0,11112.0,False,False,False,False,length_exceeds_openberg_maximum
621,2021-12-25,-68.2928,-166.2591,ASCAT,0.0,0.0,False,False,False,False,length_below_openberg_minimum
622,2021-12-26,-68.2928,-166.2591,ASCAT,0.0,0.0,False,False,False,False,length_below_openberg_minimum
623,2021-12-27,-68.2928,-166.2591,ASCAT,0.0,0.0,False,False,False,False,length_below_openberg_minimum
624,2021-12-28,-68.2928,-166.2591,ASCAT,0.0,0.0,False,False,False,False,length_below_openberg_minimum
625,2021-12-29,-68.2851,-166.287,ASCAT,0.0,0.0,False,False,False,False,length_below_openberg_minimum
626,2021-12-30,-68.2851,-166.287,ASCAT,0.0,0.0,False,False,False,False,length_below_openberg_minimum
627,2021-12-31,-68.25,-166.35,ASCAT,27780.0,11112.0,False,False,False,False,length_exceeds_openberg_maximum
628,2022-01-01,-68.25,-166.35,ASCAT,0.0,0.0,False,False,False,False,length_below_openberg_minimum
629,2022-01-02,-68.2292,-166.3525,ASCAT,0.0,0.0,False,False,False,False,length_below_openberg_minimum
630,2022-01-03,-68.1862,-166.3599,ASCAT,0.0,0.0,False,False,False,False,length_below_openberg_minimum
631,2022-01-04,-68.15,-166.3718,ASCAT,0.0,0.0,False,False,False,False,length_below_openberg_minimum
632,2022-01-05,-68.1323,-166.4441,ASCAT,0.0,0.0,False,False,False,False,length_below_openberg_minimum
633,2022-01-06,-68.1135,-166.5347,ASCAT,0.0,0.0,False,False,False,False,length_below_openberg_minimum
634,2022-01-07,-68.0763,-166.5738,ASCAT,27780.0,11112.0,False,False,False,False,length_exceeds_openberg_maximum
635,2022-01-08,-68.0279,-166.7171,ASCAT,0.0,0.0,False,False,False,False,length_below_openberg_minimum
636,2022-01-09,-68.0018,-166.8467,ASCAT,0.0,0.0,False,False,False,False,length_below_openberg_minimum
637,2022-01-10,-67.9803,-166.9744,ASCAT,0.0,0.0,False,False,False,False,length_below_openberg_minimum
638,2022-01-11,-67.9658,-167.0717,ASCAT,0.0,0.0,False,False,False,False,length_below_openberg_minimum
639,2022-01-12,-67.9604,-167.1105,ASCAT,0.0,0.0,False,False,False,False,length_below_openberg_minimum
640,2022-01-13,-67.9604,-167.1105,ASCAT,0.0,0.0,False,False,False,False,length_below_openberg_minimum
641,2022-01-14,-67.9604,-167.1105,ASCAT,27780.0,11112.0,False,False,False,False,length_exceeds_openberg_maximum
642,2022-01-15,-67.9604,-167.1105,ASCAT,0.0,0.0,False,False,False,False,length_below_openberg_minimum
643,2022-01-16,-67.9604,-167.1105,ASCAT,0.0,0.0,False,False,False,False,length_below_openberg_minimum
644,2022-01-17,-67.948,-167.0876,ASCAT,0.0,0.0,False,False,False,False,length_below_openberg_minimum
645,2022-01-18,-67.9167,-167.0329,ASCAT,0.0,0.0,False,False,False,False,length_below_openberg_minimum
646,2022-01-19,-67.8757,-166.9676,ASCAT,0.0,0.0,False,False,False,False,length_below_openberg_minimum
647,2022-01-20,-67.8337,-166.9129,ASCAT,0.0,0.0,False,False,False,False,length_below_openberg_minimum
648,2022-01-21,-67.8,-166.89,ASCAT,27780.0,11112.0,False,False,False,False,length_exceeds_openberg_maximum
649,2022-01-22,-67.7724,-166.9075,ASCAT,0.0,0.0,False,False,False,False,length_below_openberg_minimum
650,2022-01-23,-67.7433,-166.9557,ASCAT,0.0,0.0,False,False,False,False,length_below_openberg_minimum
651,2022-01-24,-67.7137,-167.0275,ASCAT,0.0,0.0,False,False,False,False,length_below_openberg_minimum
652,2022-01-25,-67.6844,-167.1164,ASCAT,0.0,0.0,False,False,False,False,length_below_openberg_minimum
653,2022-01-26,-67.6563,-167.2155,ASCAT,0.0,0.0,False,False,False,False,length_below_openberg_minimum
654,2022-01-27,-67.6301,-167.3179,ASCAT,0.0,0.0,False,False,False,False,length_below_openberg_minimum
655,2022-01-28,-67.6068,-167.417,ASCAT,27780.0,11112.0,False,False,False,False,length_exceeds_openberg_maximum
656,2022-01-29,-67.5872,-167.5059,ASCAT,0.0,0.0,False,False,False,False,length_below_openberg_minimum
657,2022-01-30,-67.5722,-167.5777,ASCAT,0.0,0.0,False,False,False,False,length_below_openberg_minimum
658,2022-01-31,-67.5625,-167.6259,ASCAT,0.0,0.0,False,False,False,False,length_below_openberg_minimum
659,2022-02-01,-67.5591,-167.6434,ASCAT,0.0,0.0,False,False,False,False,length_below_openberg_minimum
660,2022-02-02,-67.5671,-167.6409,ASCAT,0.0,0.0,False,False,False,False,length_below_openberg_minimum
661,2022-02-03,-67.5862,-167.6341,ASCAT,0.0,0.0,False,False,False,False,length_below_openberg_minimum
662,2022-02-04,-67.6089,-167.6237,ASCAT,27780.0,11112.0,False,False,False,False,length_exceeds_openberg_maximum
663,2022-02-05,-67.628,-167.6106,ASCAT,0.0,0.0,False,False,False,False,length_below_openberg_minimum
664,2022-02-06,-67.636,-167.5956,ASCAT,0.0,0.0,False,False,False,False,length_below_openberg_minimum
665,2022-02-07,-67.6264,-167.563,ASCAT,0.0,0.0,False,False,False,False,length_below_openberg_minimum
666,2022-02-08,-67.6018,-167.5057,ASCAT,0.0,0.0,False,False,False,False,length_below_openberg_minimum
667,2022-02-09,-67.5685,-167.4373,ASCAT,0.0,0.0,False,False,False,False,length_below_openberg_minimum
668,2022-02-10,-67.5329,-167.3715,ASCAT,0.0,0.0,False,False,False,False,length_below_openberg_minimum
669,2022-02-11,-67.5011,-167.322,ASCAT,27780.0,11112.0,False,False,False,False,length_exceeds_openberg_maximum
670,2022-02-12,-67.4796,-167.3025,ASCAT,0.0,0.0,False,False,False,False,length_below_openberg_minimum
671,2022-02-13,-67.4684,-167.5282,ASCAT,0.0,0.0,False,False,False,False,length_below_openberg_minimum
672,2022-02-14,-67.4799,-167.5121,ASCAT,0.0,0.0,False,False,False,False,length_below_openberg_minimum
673,2022-02-15,-67.5012,-167.4796,ASCAT,0.0,0.0,False,False,False,False,length_below_openberg_minimum
674,2022-02-16,-67.5127,-167.4547,ASCAT,0.0,0.0,False,False,False,False,length_below_openberg_minimum
675,2022-02-17,-67.5007,-167.4419,ASCAT,0.0,0.0,False,False,False,False,length_below_openberg_minimum
676,2022-02-18,-67.4722,-167.4303,ASCAT,27780.0,11112.0,False,False,False,False,length_exceeds_openberg_maximum
677,2022-02-19,-67.4382,-167.4209,ASCAT,0.0,0.0,False,False,False,False,length_below_openberg_minimum
678,2022-02-20,-67.4097,-167.4146,ASCAT,0.0,0.0,False,False,False,False,length_below_openberg_minimum
679,2022-02-21,-67.3977,-167.4123,ASCAT,0.0,0.0,False,False,False,False,length_below_openberg_minimum
680,2022-02-22,-67.3977,-167.4123,ASCAT,0.0,0.0,False,False,False,False,length_below_openberg_minimum
681,2022-02-23,-67.3618,-167.2368,ASCAT,0.0,0.0,False,False,False,False,length_below_openberg_minimum
682,2022-02-24,-67.3618,-167.2368,ASCAT,0.0,0.0,False,False,False,False,length_below_openberg_minimum
683,2022-02-25,-67.3618,-167.2368,ASCAT,27780.0,11112.0,False,False,False,False,length_exceeds_openberg_maximum
684,2022-02-26,-67.3316,-167.1927,ASCAT,0.0,0.0,False,False,False,False,length_below_openberg_minimum
685,2022-02-27,-67.2587,-167.0876,ASCAT,0.0,0.0,False,False,False,False,length_below_openberg_minimum
686,2022-02-28,-67.1698,-166.962,ASCAT,0.0,0.0,False,False,False,False,length_below_openberg_minimum
687,2022-03-01,-67.0915,-166.8569,ASCAT,0.0,0.0,True,False,False,False,length_below_openberg_minimum
688,2022-03-02,-67.0504,-166.8128,ASCAT,0.0,0.0,True,False,False,False,length_below_openberg_minimum
689,2022-03-03,-67.0413,-167.047,ASCAT,0.0,0.0,True,False,False,False,length_below_openberg_minimum
690,2022-03-04,-66.9697,-167.0393,ASCAT,27780.0,11112.0,True,False,False,False,length_exceeds_openberg_maximum
691,2022-03-05,-66.9697,-167.0393,ASCAT,0.0,0.0,True,False,False,False,length_below_openberg_minimum
692,2022-03-06,-66.9392,-166.9642,ASCAT,0.0,0.0,True,False,False,False,length_below_openberg_minimum
693,2022-03-07,-66.8825,-166.8246,ASCAT,0.0,0.0,True,False,False,False,length_below_openberg_minimum
694,2022-03-08,-66.852,-166.7495,ASCAT,0.0,0.0,True,False,False,False,length_below_openberg_minimum
695,2022-03-09,-66.852,-166.7495,ASCAT,0.0,0.0,True,False,False,False,length_below_openberg_minimum
696,2022-03-10,-66.7816,-166.8656,ASCAT,0.0,0.0,True,False,False,False,length_below_openberg_minimum
697,2022-03-11,-66.8178,-166.8194,ASCAT,27780.0,11112.0,True,False,False,False,length_exceeds_openberg_maximum
698,2022-03-12,-66.8178,-166.8194,ASCAT,0.0,0.0,True,False,False,False,length_below_openberg_minimum
699,2022-03-13,-66.8178,-166.8194,ASCAT,0.0,0.0,True,False,False,False,length_below_openberg_minimum
700,2022-03-14,-66.8046,-166.7507,ASCAT,0.0,0.0,True,False,False,False,length_below_openberg_minimum
701,2022-03-15,-66.7697,-166.6195,ASCAT,0.0,0.0,True,False,False,False,length_below_openberg_minimum
702,2022-03-16,-66.7205,-166.5379,ASCAT,0.0,0.0,True,False,False,False,length_below_openberg_minimum
703,2022-03-17,-66.618,-166.5256,ASCAT,0.0,0.0,True,False,False,False,length_below_openberg_minimum
704,2022-03-18,-66.6124,-166.469,ASCAT,27780.0,11112.0,True,False,False,False,length_exceeds_openberg_maximum
705,2022-03-19,-66.5361,-166.308,ASCAT,0.0,0.0,True,False,False,False,length_below_openberg_minimum
706,2022-03-20,-66.4908,-166.3841,ASCAT,0.0,0.0,True,False,False,False,length_below_openberg_minimum
707,2022-03-21,-66.4697,-166.4602,ASCAT,0.0,0.0,True,True,True,False,length_below_openberg_minimum
708,2022-03-22,-66.4697,-166.4602,ASCAT,0.0,0.0,True,True,True,False,length_below_openberg_minimum
709,2022-03-23,-66.3908,-166.3788,ASCAT,0.0,0.0,True,True,True,False,length_below_openberg_minimum
710,2022-03-24,-66.3908,-166.3788,ASCAT,0.0,0.0,True,True,True,False,length_below_openberg_minimum
711,2022-03-25,-66.3767,-166.3325,ASCAT,27780.0,11112.0,True,True,True,False,length_exceeds_openberg_maximum
712,2022-03-26,-66.3489,-166.2613,ASCAT,0.0,0.0,True,True,True,False,length_below_openberg_minimum
713,2022-03-27,-66.3071,-166.2078,ASCAT,0.0,0.0,True,True,True,False,length_below_openberg_minimum
714,2022-03-28,-66.247,-166.1524,ASCAT,0.0,0.0,True,True,True,False,length_below_openberg_minimum
715,2022-03-29,-66.1844,-166.1029,ASCAT,0.0,0.0,True,True,True,False,length_below_openberg_minimum
716,2022-03-30,-66.1353,-166.0674,ASCAT,0.0,0.0,True,True,True,False,length_below_openberg_minimum
717,2022-03-31,-66.1154,-166.0538,ASCAT,0.0,0.0,True,True,True,False,length_below_openberg_minimum
718,2022-04-01,-66.1154,-166.0538,ASCAT,27780.0,11112.0,True,True,True,False,length_exceeds_openberg_maximum
719,2022-04-02,-66.1154,-166.0538,ASCAT,0.0,0.0,True,True,True,False,length_below_openberg_minimum
720,2022-04-03,-66.1725,-165.7208,ASCAT,0.0,0.0,True,True,True,False,length_below_openberg_minimum
721,2022-04-04,-66.1236,-165.5885,ASCAT,0.0,0.0,True,True,True,False,length_below_openberg_minimum
722,2022-04-05,-66.0326,-165.4996,ASCAT,0.0,0.0,True,True,True,False,length_below_openberg_minimum
723,2022-04-06,-65.9837,-165.4671,ASCAT,0.0,0.0,True,True,True,False,length_below_openberg_minimum
724,2022-04-07,-65.9837,-165.4671,ASCAT,0.0,0.0,True,True,True,False,length_below_openberg_minimum
725,2022-04-08,-65.9521,-165.6019,ASCAT,25928.0,9260.0,True,True,True,False,length_exceeds_openberg_maximum
726,2022-04-09,-65.9205,-165.7367,ASCAT,0.0,0.0,True,True,True,False,length_below_openberg_minimum
727,2022-04-10,-65.9205,-165.7367,ASCAT,0.0,0.0,True,True,True,False,length_below_openberg_minimum
728,2022-04-11,-65.9205,-165.7367,ASCAT,0.0,0.0,True,True,True,False,length_below_openberg_minimum
729,2022-04-12,-65.959,-165.6203,ASCAT,0.0,0.0,True,True,True,False,length_below_openberg_minimum
730,2022-04-13,-65.9487,-165.6278,ASCAT,0.0,0.0,True,True,True,False,length_below_openberg_minimum
731,2022-04-14,-65.926,-165.6443,ASCAT,0.0,0.0,True,True,True,False,length_below_openberg_minimum
732,2022-04-15,-65.9033,-165.6608,ASCAT,25928.0,9260.0,True,True,True,False,length_exceeds_openberg_maximum
733,2022-04-16,-65.893,-165.6683,ASCAT,0.0,0.0,True,True,True,False,length_below_openberg_minimum
734,2022-04-17,-65.893,-165.6683,ASCAT,0.0,0.0,True,True,True,False,length_below_openberg_minimum
735,2022-04-18,-65.893,-165.6683,ASCAT,0.0,0.0,True,True,True,False,length_below_openberg_minimum
736,2022-04-19,-65.893,-165.6683,ASCAT,0.0,0.0,True,True,True,False,length_below_openberg_minimum
737,2022-04-20,-65.8302,-165.4583,ASCAT,0.0,0.0,True,True,True,False,length_below_openberg_minimum
738,2022-04-21,-65.749,-165.4582,ASCAT,0.0,0.0,True,True,True,False,length_below_openberg_minimum
739,2022-04-22,-65.6979,-165.4397,ASCAT,25928.0,9260.0,True,True,True,False,length_exceeds_openberg_maximum
740,2022-04-23,-65.6509,-165.3937,ASCAT,0.0,0.0,True,True,True,False,length_below_openberg_minimum
741,2022-04-24,-65.6103,-165.334,ASCAT,0.0,0.0,True,True,True,False,length_below_openberg_minimum
742,2022-04-25,-65.5783,-165.2743,ASCAT,0.0,0.0,True,True,True,False,length_below_openberg_minimum
743,2022-04-26,-65.5575,-165.2284,ASCAT,0.0,0.0,True,True,True,False,length_below_openberg_minimum
744,2022-04-27,-65.55,-165.21,ASCAT,0.0,0.0,True,True,True,False,length_below_openberg_minimum
745,2022-04-28,-65.55,-165.21,ASCAT,0.0,0.0,True,True,True,False,length_below_openberg_minimum
746,2022-04-29,-65.5438,-165.2047,ASCAT,25928.0,9260.0,True,True,True,False,length_exceeds_openberg_maximum
747,2022-04-30,-65.5271,-165.1899,ASCAT,0.0,0.0,True,True,True,False,length_below_openberg_minimum
748,2022-05-01,-65.5026,-165.1673,ASCAT,0.0,0.0,True,True,True,False,length_below_openberg_minimum
749,2022-05-02,-65.4733,-165.1384,ASCAT,0.0,0.0,True,True,True,False,length_below_openberg_minimum
750,2022-05-03,-65.4417,-165.1048,ASCAT,0.0,0.0,True,True,True,False,length_below_openberg_minimum
751,2022-05-04,-65.4109,-165.0683,ASCAT,0.0,0.0,True,True,True,False,length_below_openberg_minimum
752,2022-05-05,-65.3835,-165.0303,ASCAT,0.0,0.0,True,True,True,False,length_below_openberg_minimum
753,2022-05-06,-65.3624,-164.9925,ASCAT,25928.0,9260.0,True,True,True,False,length_exceeds_openberg_maximum
754,2022-05-07,-65.3477,-164.9452,ASCAT,0.0,0.0,True,True,True,False,length_below_openberg_minimum
755,2022-05-08,-65.3337,-164.9453,ASCAT,0.0,0.0,True,True,True,False,length_below_openberg_minimum
756,2022-05-09,-65.3208,-164.9454,ASCAT,0.0,0.0,True,True,True,False,length_below_openberg_minimum
757,2022-05-10,-65.3067,-164.9457,ASCAT,0.0,0.0,True,True,True,False,length_below_openberg_minimum
758,2022-05-11,-65.289,-164.9458,ASCAT,0.0,0.0,True,True,True,False,length_below_openberg_minimum
759,2022-05-12,-65.2654,-164.9459,ASCAT,0.0,0.0,True,True,True,False,length_below_openberg_minimum
760,2022-05-13,-65.2044,-164.8774,ASCAT,25928.0,9260.0,True,True,True,False,length_exceeds_openberg_maximum
761,2022-05-14,-65.157,-164.809,ASCAT,0.0,0.0,True,True,True,False,length_below_openberg_minimum
762,2022-05-15,-65.157,-164.809,ASCAT,0.0,0.0,True,True,True,False,length_below_openberg_minimum
763,2022-05-16,-65.1431,-164.851,ASCAT,0.0,0.0,True,True,True,False,length_below_openberg_minimum
764,2022-05-17,-65.1431,-164.851,ASCAT,0.0,0.0,True,True,True,False,length_below_openberg_minimum
765,2022-05-18,-65.1154,-164.9652,ASCAT,0.0,0.0,True,True,True,False,length_below_openberg_minimum
766,2022-05-19,-65.1269,-164.873,ASCAT,0.0,0.0,True,True,True,False,length_below_openberg_minimum
767,2022-05-20,-65.1219,-164.846,ASCAT,0.0,0.0,True,True,True,False,length_below_openberg_minimum
768,2022-05-21,-65.1076,-164.8228,ASCAT,0.0,0.0,True,True,True,False,length_below_openberg_minimum
769,2022-05-22,-65.0854,-164.8032,ASCAT,0.0,0.0,True,True,True,False,length_below_openberg_minimum
770,2022-05-23,-65.0563,-164.7872,ASCAT,0.0,0.0,True,True,True,False,length_below_openberg_minimum
771,2022-05-24,-65.0217,-164.7745,ASCAT,0.0,0.0,True,True,True,False,length_below_openberg_minimum
772,2022-05-25,-64.9826,-164.765,ASCAT,0.0,0.0,True,True,True,False,length_below_openberg_minimum
773,2022-05-26,-64.9404,-164.7584,ASCAT,0.0,0.0,True,True,True,False,length_below_openberg_minimum
774,2022-05-27,-64.8962,-164.7545,ASCAT,25928.0,9260.0,True,True,True,False,length_exceeds_openberg_maximum
775,2022-05-28,-64.8512,-164.7533,ASCAT,0.0,0.0,True,True,True,False,length_below_openberg_minimum
776,2022-05-29,-64.7896,-164.7854,ASCAT,0.0,0.0,True,True,True,False,length_below_openberg_minimum
777,2022-05-30,-64.7896,-164.7854,ASCAT,0.0,0.0,True,True,True,False,length_below_openberg_minimum
778,2022-05-31,-64.7226,-164.828,ASCAT,0.0,0.0,True,True,True,False,length_below_openberg_minimum
779,2022-06-01,-64.7193,-164.6912,ASCAT,0.0,0.0,True,True,True,False,length_below_openberg_minimum
780,2022-06-02,-64.7193,-164.6912,ASCAT,0.0,0.0,True,True,True,False,length_below_openberg_minimum
781,2022-06-03,-64.6662,-164.5949,ASCAT,0.0,0.0,True,True,True,False,length_below_openberg_minimum
782,2022-06-04,-64.6662,-164.5949,ASCAT,0.0,0.0,True,True,True,False,length_below_openberg_minimum
783,2022-06-05,-64.6662,-164.5949,ASCAT,0.0,0.0,True,True,True,False,length_below_openberg_minimum
784,2022-06-06,-64.6054,-164.5176,ASCAT,0.0,0.0,True,True,True,False,length_below_openberg_minimum
785,2022-06-07,-64.5446,-164.4403,ASCAT,0.0,0.0,True,True,True,False,length_below_openberg_minimum
786,2022-06-08,-64.69,-164.65,ASCAT,0.0,0.0,True,True,True,False,length_below_openberg_minimum
787,2022-06-09,-64.6152,-164.4461,ASCAT,0.0,0.0,True,True,True,False,length_below_openberg_minimum
788,2022-06-10,-64.5092,-164.2422,ASCAT,25928.0,9260.0,True,True,True,False,length_exceeds_openberg_maximum
789,2022-06-11,-64.4544,-164.3417,ASCAT,0.0,0.0,True,True,True,False,length_below_openberg_minimum
790,2022-06-12,-64.4109,-164.5823,ASCAT,0.0,0.0,True,True,True,False,length_below_openberg_minimum
791,2022-06-13,-64.3727,-164.8771,ASCAT,0.0,0.0,True,True,True,False,length_below_openberg_minimum
792,2022-06-14,-64.3339,-165.1392,ASCAT,0.0,0.0,True,True,True,False,length_below_openberg_minimum
793,2022-06-15,-64.2885,-165.2819,ASCAT,0.0,0.0,True,True,True,False,length_below_openberg_minimum
794,2022-06-16,-64.2326,-165.3186,ASCAT,0.0,0.0,True,True,True,False,length_below_openberg_minimum
795,2022-06-17,-64.1854,-165.2501,ASCAT,25928.0,9260.0,True,True,True,False,length_exceeds_openberg_maximum
796,2022-06-18,-64.1257,-165.2257,ASCAT,0.0,0.0,True,True,True,False,length_below_openberg_minimum
797,2022-06-19,-64.0567,-165.2048,ASCAT,0.0,0.0,True,True,True,False,length_below_openberg_minimum
798,2022-06-20,-63.9658,-165.1755,ASCAT,0.0,0.0,True,True,True,False,length_below_openberg_minimum
799,2022-06-21,-63.8532,-165.1423,ASCAT,0.0,0.0,True,True,True,False,length_below_openberg_minimum
800,2022-06-22,-63.7432,-165.1005,ASCAT,0.0,0.0,True,True,True,False,length_below_openberg_minimum
801,2022-06-23,-63.6595,-165.0451,ASCAT,0.0,0.0,True,True,True,False,length_below_openberg_minimum
802,2022-06-24,-63.6263,-164.9714,ASCAT,25928.0,9260.0,True,True,True,False,length_exceeds_openberg_maximum
803,2022-06-25,-63.6282,-164.7966,ASCAT,0.0,0.0,True,True,True,False,length_below_openberg_minimum
804,2022-06-26,-63.6006,-164.3278,ASCAT,0.0,0.0,True,True,True,False,length_below_openberg_minimum
805,2022-06-27,-63.5873,-164.1472,ASCAT,0.0,0.0,True,True,True,False,length_below_openberg_minimum
806,2022-06-28,-63.5308,-163.8684,ASCAT,0.0,0.0,True,True,True,False,length_below_openberg_minimum
807,2022-06-29,-63.4388,-163.558,ASCAT,0.0,0.0,True,True,True,False,length_below_openberg_minimum
808,2022-06-30,-63.3235,-163.2288,ASCAT,0.0,0.0,True,True,True,False,length_below_openberg_minimum
809,2022-07-01,-63.2158,-162.8955,ASCAT,25928.0,9260.0,True,True,True,False,length_exceeds_openberg_maximum
810,2022-07-02,-63.129,-162.5605,ASCAT,0.0,0.0,True,True,True,False,length_below_openberg_minimum
811,2022-07-03,-63.0787,-162.348,ASCAT,0.0,0.0,True,True,True,False,length_below_openberg_minimum
812,2022-07-04,-62.962,-161.9727,ASCAT,0.0,0.0,True,True,True,False,length_below_openberg_minimum
813,2022-07-05,-62.9036,-161.7155,ASCAT,0.0,0.0,True,True,True,False,length_below_openberg_minimum
814,2022-07-06,-62.8798,-161.4821,ASCAT,0.0,0.0,True,True,True,False,length_below_openberg_minimum
815,2022-07-07,-62.7932,-161.2016,ASCAT,0.0,0.0,True,True,True,False,length_below_openberg_minimum
816,2022-07-08,-62.7354,-160.94,ASCAT,25928.0,9260.0,True,True,True,False,length_exceeds_openberg_maximum
817,2022-07-09,-62.687,-160.6882,ASCAT,0.0,0.0,True,True,True,False,length_below_openberg_minimum
818,2022-07-10,-62.6209,-160.4397,ASCAT,0.0,0.0,True,True,True,False,length_below_openberg_minimum
819,2022-07-11,-62.4956,-160.1939,ASCAT,0.0,0.0,True,True,True,False,length_below_openberg_minimum
820,2022-07-12,-62.4341,-159.9969,ASCAT,0.0,0.0,True,True,True,False,length_below_openberg_minimum
821,2022-07-13,-62.4454,-159.8134,ASCAT,0.0,0.0,True,True,True,False,length_below_openberg_minimum
822,2022-07-14,-62.4613,-159.5129,ASCAT,0.0,0.0,True,True,True,False,length_below_openberg_minimum
823,2022-07-15,-62.4713,-159.1765,ASCAT,22224.0,5556.0,True,True,True,False,length_exceeds_openberg_maximum
824,2022-07-16,-62.4655,-158.8658,ASCAT,0.0,0.0,True,True,True,False,length_below_openberg_minimum
825,2022-07-17,-62.4492,-158.5406,ASCAT,0.0,0.0,True,True,True,False,length_below_openberg_minimum
826,2022-07-18,-62.4244,-158.2172,ASCAT,0.0,0.0,True,True,True,False,length_below_openberg_minimum
827,2022-07-19,-62.393,-157.9119,ASCAT,0.0,0.0,True,True,True,False,length_below_openberg_minimum
828,2022-07-20,-62.3568,-157.6412,ASCAT,0.0,0.0,True,True,True,False,length_below_openberg_minimum
829,2022-07-21,-62.3177,-157.4212,ASCAT,0.0,0.0,True,True,True,False,length_below_openberg_minimum
830,2022-07-22,-62.2777,-157.2683,ASCAT,22224.0,5556.0,True,True,True,False,length_exceeds_openberg_maximum
831,2022-07-23,-62.2272,-157.1637,ASCAT,0.0,0.0,True,True,True,False,length_below_openberg_minimum
832,2022-07-24,-62.1577,-157.0759,ASCAT,0.0,0.0,True,True,True,False,length_below_openberg_minimum
833,2022-07-25,-62.0727,-157.002,ASCAT,0.0,0.0,True,True,True,False,length_below_openberg_minimum
834,2022-07-26,-61.9759,-156.9391,ASCAT,0.0,0.0,True,True,True,False,length_below_openberg_minimum
835,2022-07-27,-61.8706,-156.8845,ASCAT,0.0,0.0,True,True,True,False,length_below_openberg_minimum
836,2022-07-28,-61.7604,-156.8353,ASCAT,0.0,0.0,True,True,True,False,length_below_openberg_minimum
837,2022-07-29,-61.6489,-156.7886,ASCAT,18520.0,5556.0,True,True,True,False,length_exceeds_openberg_maximum
838,2022-07-30,-61.5394,-156.7416,ASCAT,0.0,0.0,True,True,True,False,length_below_openberg_minimum
839,2022-07-31,-61.4355,-156.6915,ASCAT,0.0,0.0,True,True,True,False,length_below_openberg_minimum
840,2022-08-01,-61.3408,-156.6355,ASCAT,0.0,0.0,True,True,True,False,length_below_openberg_minimum
841,2022-08-02,-61.2588,-156.5707,ASCAT,0.0,0.0,True,True,True,False,length_below_openberg_minimum
842,2022-08-03,-61.1929,-156.4943,ASCAT,0.0,0.0,True,True,True,False,length_below_openberg_minimum
843,2022-08-04,-61.1466,-156.4034,ASCAT,0.0,0.0,True,True,True,False,length_below_openberg_minimum
844,2022-08-05,-61.1201,-156.2674,ASCAT,18520.0,5556.0,True,True,True,False,length_exceeds_openberg_maximum
845,2022-08-06,-61.0896,-156.1754,ASCAT,0.0,0.0,True,True,True,False,length_below_openberg_minimum
846,2022-08-07,-61.075,-155.9558,ASCAT,0.0,0.0,True,True,True,False,length_below_openberg_minimum
847,2022-08-08,-61.0499,-155.7415,ASCAT,0.0,0.0,True,True,True,False,length_below_openberg_minimum
848,2022-08-09,-61.014,-155.5286,ASCAT,0.0,0.0,True,True,True,False,length_below_openberg_minimum
849,2022-08-10,-60.9677,-155.333,ASCAT,0.0,0.0,True,True,True,False,length_below_openberg_minimum
850,2022-08-11,-60.9115,-155.1708,ASCAT,0.0,0.0,True,True,True,False,length_below_openberg_minimum
851,2022-08-12,-60.8278,-155.0371,ASCAT,18520.0,5556.0,True,True,True,False,length_exceeds_openberg_maximum
852,2022-08-13,-60.709,-154.9425,ASCAT,0.0,0.0,True,True,True,False,length_below_openberg_minimum
853,2022-08-14,-60.537,-154.897,ASCAT,0.0,0.0,True,True,True,False,length_below_openberg_minimum
854,2022-08-15,-60.3662,-155.0877,ASCAT,0.0,0.0,True,True,True,False,length_below_openberg_minimum
855,2022-08-16,-60.2433,-155.0026,ASCAT,0.0,0.0,True,True,True,False,length_below_openberg_minimum
856,2022-08-17,-60.1272,-155.007,ASCAT,0.0,0.0,True,True,True,False,length_below_openberg_minimum
857,2022-08-18,-60.0036,-155.0182,ASCAT,0.0,0.0,True,True,True,False,length_below_openberg_minimum
858,2022-08-19,-59.8818,-155.0337,ASCAT,18520.0,5556.0,True,True,True,False,length_exceeds_openberg_maximum
859,2022-08-20,-59.7711,-155.0504,ASCAT,0.0,0.0,True,True,True,False,length_below_openberg_minimum
860,2022-08-21,-59.6805,-155.0659,ASCAT,0.0,0.0,True,True,True,False,length_below_openberg_minimum
861,2022-08-22,-59.6194,-155.0771,ASCAT,0.0,0.0,True,True,True,False,length_below_openberg_minimum
862,2022-08-23,-59.597,-155.0815,ASCAT,0.0,0.0,True,True,True,False,length_below_openberg_minimum
863,2022-08-24,-59.7247,-155.024,ASCAT,0.0,0.0,True,True,True,False,length_below_openberg_minimum
864,2022-08-25,-59.6937,-154.8954,ASCAT,0.0,0.0,True,True,True,False,length_below_openberg_minimum
865,2022-08-26,-59.609,-154.6845,ASCAT,18520.0,5556.0,True,True,True,False,length_exceeds_openberg_maximum
866,2022-08-27,-59.4834,-154.4094,ASCAT,0.0,0.0,True,True,True,False,length_below_openberg_minimum
867,2022-08-28,-59.3295,-154.088,ASCAT,0.0,0.0,True,True,True,False,length_below_openberg_minimum
868,2022-08-29,-59.16,-153.7385,ASCAT,0.0,0.0,True,True,True,False,length_below_openberg_minimum
869,2022-08-30,-58.9877,-153.3789,ASCAT,0.0,0.0,True,True,True,False,length_below_openberg_minimum
870,2022-08-31,-58.8251,-153.0272,ASCAT,0.0,0.0,True,True,True,False,length_below_openberg_minimum
871,2022-09-01,-58.685,-152.7016,ASCAT,0.0,0.0,True,True,True,False,length_below_openberg_minimum
872,2022-09-02,-58.58,-152.42,ASCAT,18520.0,5556.0,True,True,True,False,length_exceeds_openberg_maximum
873,2022-09-03,-58.5107,-152.1834,ASCAT,0.0,0.0,True,True,True,False,length_below_openberg_minimum
874,2022-09-04,-58.5255,-151.8684,ASCAT,0.0,0.0,True,True,True,False,length_below_openberg_minimum
875,2022-09-05,-58.5624,-151.4888,ASCAT,0.0,0.0,True,True,True,False,length_below_openberg_minimum
876,2022-09-06,-58.6104,-151.0823,ASCAT,0.0,0.0,True,True,True,False,length_below_openberg_minimum
877,2022-09-07,-58.6583,-150.6868,ASCAT,0.0,0.0,True,True,True,False,length_below_openberg_minimum
878,2022-09-08,-58.6952,-150.3401,ASCAT,0.0,0.0,True,True,True,False,length_below_openberg_minimum
879,2022-09-09,-58.71,-150.08,ASCAT,18520.0,5556.0,True,True,True,False,length_exceeds_openberg_maximum
880,2022-09-10,-58.4279,-149.8716,ASCAT,0.0,0.0,True,True,True,False,length_below_openberg_minimum
881,2022-09-11,-58.0251,-149.7654,ASCAT,0.0,0.0,True,True,True,False,length_below_openberg_minimum
882,2022-09-12,-57.8297,-149.7843,ASCAT,0.0,0.0,True,True,True,False,length_below_openberg_minimum
883,2022-09-13,-57.8297,-149.7843,ASCAT,0.0,0.0,True,True,True,False,length_below_openberg_minimum
884,2022-09-14,-57.8297,-149.7843,ASCAT,0.0,0.0,True,True,True,False,length_below_openberg_minimum
885,2022-09-15,-57.8399,-149.4472,ASCAT,0.0,0.0,True,True,True,False,length_below_openberg_minimum
886,2022-09-16,-57.85,-149.11,ASCAT,5556.0,3704.0,True,True,True,True,compatible
887,2022-09-17,-57.85,-149.11,ASCAT,0.0,0.0,True,False,False,False,length_below_openberg_minimum
