timestamp_utc,latitude,longitude,step_displacement_km,speed_mps,direction_deg,wind_u_mps,wind_v_mps,wind_speed_mps,wind_direction_deg,current_u_mps,current_v_mps,current_speed_mps,current_direction_deg,bathymetry_depth_m,draft_m,clearance_m,landmask,coast_distance_km
2026-09-13T00:00:00Z,-69.88,164.79,0.0,0.0,79.2,4.0947,-3.0282,5.0928,126.5,0.0035,0.0254,0.0256,7.8,514.6,65.67,448.9,0,72.2
2026-09-13T01:00:00Z,-69.87676,164.83913,1.9136,0.1086,33.5,4.3203,-3.2962,5.4341,127.3,0.0028,0.0201,0.0203,7.8,585.0,65.67,519.3,0,73.0
2026-09-13T02:00:00Z,-69.85979,164.87177,2.263,0.1178,112.8,4.5136,-3.5824,5.7624,128.4,0.0037,0.0167,0.0171,12.6,836.9,65.67,771.2,0,75.2
2026-09-13T03:00:00Z,-69.867485,164.92491,2.2068,0.1275,97.7,4.726,-3.8613,6.1028,129.2,0.0044,0.0153,0.016,16.1,803.6,65.67,738.0,0,75.2
2026-09-13T04:00:00Z,-69.86905,164.95862,1.3018,0.1364,55.9,4.9117,-4.1487,6.4294,130.2,0.0055,0.0153,0.0162,19.7,822.1,65.67,756.4,0,75.4
2026-09-13T05:00:00Z,-69.86645,164.96979,0.5161,0.1445,29.8,5.0729,-4.4397,6.7413,131.2,0.0067,0.0153,0.0168,23.7,871.3,65.67,805.7,0,75.8
2026-09-13T06:00:00Z,-69.85603,164.98712,1.3352,0.1524,89.1,5.2243,-4.7471,7.0589,132.3,0.009,0.0153,0.0177,30.5,1039.0,65.67,973.4,0,76.8
2026-09-13T07:00:00Z,-69.855865,165.01886,1.2156,0.1613,79.2,4.9992,-4.8462,6.9626,134.1,0.0082,0.0147,0.0168,29.1,1073.9,65.67,1008.2,0,76.8
2026-09-13T08:00:00Z,-69.85427,165.04321,0.9492,0.1583,99.4,4.7648,-4.9467,6.8683,136.1,0.0073,0.0141,0.0158,27.4,1119.1,65.67,1053.5,0,77.0
2026-09-13T09:00:00Z,-69.85694,165.09036,1.8298,0.1552,137.7,4.5274,-5.05,6.7823,138.1,0.0057,0.0133,0.0144,23.2,1092.0,65.67,1026.3,0,76.8
2026-09-13T10:00:00Z,-69.864746,165.111,1.1738,0.1521,283.0,4.2791,-5.1404,6.6883,140.2,0.0029,0.012,0.0124,13.7,945.4,65.67,879.7,0,75.8
2026-09-13T11:00:00Z,-69.8613,165.06781,1.6972,0.1484,123.8,4.0439,-5.2274,6.609,142.3,0.0025,0.0116,0.0118,12.0,1019.1,65.67,953.4,0,76.2
2026-09-13T12:00:00Z,-69.86864,165.09969,1.4681,0.1462,121.2,3.7827,-5.3235,6.5306,144.6,-0.0002,0.0103,0.0103,358.7,890.6,65.67,825.0,0,75.4
2026-09-13T13:00:00Z,-69.881615,165.16206,2.7884,0.1434,131.6,3.102,-4.9755,5.8633,148.1,-0.0052,0.0109,0.0121,334.5,684.1,65.67,618.4,0,74.0
2026-09-13T14:00:00Z,-69.88502,165.17322,0.5705,0.1244,57.6,2.4481,-4.6205,5.229,152.1,-0.0079,0.0125,0.0148,327.6,648.8,65.67,583.1,0,73.6
2026-09-13T15:00:00Z,-69.87581,165.21532,1.9084,0.107,75.0,1.8232,-4.3123,4.6819,157.1,-0.0088,0.014,0.0165,327.9,693.6,65.67,627.9,0,74.6
2026-09-13T16:00:00Z,-69.874886,165.22533,0.3965,0.0929,196.7,1.1846,-3.9682,4.1412,163.4,-0.0107,0.0157,0.019,325.8,691.2,65.67,625.6,0,74.6
2026-09-13T17:00:00Z,-69.89188,165.2105,1.9729,0.0787,246.9,0.4891,-3.5576,3.5911,172.2,-0.0156,0.0172,0.0232,317.7,590.5,65.67,524.8,0,72.8
2026-09-13T18:00:00Z,-69.892624,165.20538,0.2125,0.066,53.0,-0.1591,-3.1987,3.2026,182.8,-0.0176,0.0188,0.0258,316.9,589.0,65.67,523.3,0,72.6
2026-09-13T19:00:00Z,-69.88538,165.2333,1.3373,0.0596,222.7,-1.0866,-2.2876,2.5325,205.4,-0.0204,0.018,0.0272,311.3,615.3,65.67,549.6,0,73.4
2026-09-13T20:00:00Z,-69.88938,165.22258,0.6048,0.0575,218.5,-2.0518,-1.3313,2.4459,237.0,-0.0247,0.0169,0.0299,304.5,596.2,65.67,530.6,0,73.0
2026-09-13T21:00:00Z,-69.90168,165.19409,1.7482,0.0731,310.3,-3.0375,-0.3728,3.0603,263.0,-0.0301,0.0158,0.034,297.7,550.5,65.67,484.8,0,71.8
2026-09-13T22:00:00Z,-69.88816,165.14781,2.3215,0.1001,240.8,-3.9585,0.5835,4.0013,278.4,-0.0305,0.0157,0.0343,297.3,630.5,65.67,564.8,0,73.2
2026-09-13T23:00:00Z,-69.89251,165.12521,0.9902,0.125,289.4,-4.9237,1.5286,5.1555,287.2,-0.0344,0.015,0.0376,293.5,610.9,65.67,545.2,0,72.8
2026-09-14T00:00:00Z,-69.8874,165.08307,1.7083,0.1561,263.3,-5.8741,2.4965,6.3826,293.0,-0.0365,0.0151,0.0395,292.5,661.8,65.67,596.2,0,73.4
2026-09-14T01:00:00Z,-69.88953,165.02995,2.0448,0.1866,281.8,-5.777,2.6979,6.3759,295.0,-0.037,0.0189,0.0415,297.1,630.9,65.67,565.2,0,73.2
2026-09-14T02:00:00Z,-69.88683,164.99252,1.4623,0.1884,228.2,-5.6613,2.8984,6.3601,297.1,-0.037,0.0226,0.0434,301.4,634.7,65.67,569.0,0,73.4
2026-09-14T03:00:00Z,-69.89578,164.96344,1.4921,0.1897,298.7,-5.5414,3.0555,6.3279,298.9,-0.0382,0.0258,0.0461,304.0,531.4,65.67,465.7,0,72.6
2026-09-14T04:00:00Z,-69.89228,164.94485,0.8102,0.1916,296.1,-5.4122,3.2455,6.3107,300.9,-0.0386,0.0291,0.0483,307.0,542.8,65.67,477.1,0,72.8
2026-09-14T05:00:00Z,-69.88948,164.92825,0.7069,0.1933,259.7,-5.2818,3.4312,6.2984,303.0,-0.0391,0.0323,0.0507,309.5,548.3,65.67,482.6,0,72.8
2026-09-14T06:00:00Z,-69.891495,164.89606,1.2509,0.1952,261.4,-5.1318,3.594,6.2652,305.0,-0.0395,0.036,0.0535,312.3,504.0,65.67,438.4,0,72.2
2026-09-14T07:00:00Z,-69.89322,164.86295,1.2802,0.1971,226.1,-4.9946,3.6685,6.1971,306.3,-0.041,0.0382,0.056,312.9,466.9,65.67,401.2,0,71.6
2026-09-14T08:00:00Z,-69.905205,164.82668,1.9228,0.1981,250.0,-4.8367,3.7086,6.0949,307.5,-0.0417,0.0404,0.0581,314.1,390.1,65.67,324.4,0,70.0
2026-09-14T09:00:00Z,-69.90698,164.81242,0.5794,0.1977,284.7,-4.7077,3.7905,6.044,308.8,-0.043,0.0417,0.0599,314.2,385.1,65.67,319.4,0,69.6
2026-09-14T10:00:00Z,-69.90207,164.7582,2.1422,0.1984,278.6,-4.5518,3.8882,5.9864,310.5,-0.0429,0.0444,0.0618,316.0,405.7,65.67,340.1,0,69.6
2026-09-14T11:00:00Z,-69.900085,164.72006,1.474,0.1989,347.1,-4.4019,3.9731,5.9298,312.1,-0.0429,0.0453,0.0624,316.5,422.8,65.67,357.1,0,69.4
2026-09-14T12:00:00Z,-69.89738,164.71826,0.3085,0.1983,161.9,-4.2927,4.0718,5.9167,313.5,-0.0449,0.0445,0.0633,314.8,429.1,65.67,363.5,0,69.6
2026-09-14T13:00:00Z,-69.905,164.72552,0.8916,0.1989,221.1,-4.4558,4.0213,6.002,312.1,-0.0412,0.0431,0.0597,316.3,409.6,65.67,343.9,0,68.8
2026-09-14T14:00:00Z,-69.90851,164.7166,0.5181,0.1973,257.8,-4.6066,3.9779,6.0864,310.8,-0.0372,0.0421,0.0562,318.5,408.9,65.67,343.2,0,68.4
2026-09-14T15:00:00Z,-69.91126,164.6796,1.4459,0.1956,284.1,-4.7166,3.9291,6.1388,309.8,-0.0313,0.042,0.0524,323.3,430.7,65.67,365.0,0,67.8
2026-09-14T16:00:00Z,-69.90917,164.65532,0.956,0.1923,299.8,-4.8587,3.8997,6.2301,308.8,-0.0277,0.0419,0.0503,326.5,454.8,65.67,389.1,0,67.8
2026-09-14T17:00:00Z,-69.90068,164.6122,1.8987,0.1917,193.9,-5.0028,3.886,6.3347,307.8,-0.0263,0.0435,0.0508,328.9,508.3,65.67,442.7,0,68.2
2026-09-14T18:00:00Z,-69.91071,164.60497,1.149,0.1939,18.7,-5.1011,3.8273,6.3773,306.9,-0.0195,0.042,0.0463,335.1,512.0,65.67,446.3,0,67.0
2026-09-14T19:00:00Z,-69.89465,164.6208,1.8854,0.1887,93.0,-4.8248,3.2781,5.833,304.2,-0.0267,0.0397,0.0478,326.1,499.4,65.67,433.7,0,69.0
2026-09-14T20:00:00Z,-69.89483,164.6304,0.3675,0.1793,303.7,-4.4459,2.6807,5.1916,301.1,-0.027,0.0369,0.0457,323.8,489.1,65.67,423.4,0,69.0
2026-09-14T21:00:00Z,-69.88596,164.5917,1.7781,0.1624,321.5,-4.0715,2.1054,4.5837,297.3,-0.0287,0.0368,0.0467,322.0,532.0,65.67,466.3,0,69.6
2026-09-14T22:00:00Z,-69.8761,164.56894,1.4,0.1489,339.5,-3.7574,1.5435,4.0621,292.3,-0.0318,0.0359,0.048,318.5,546.2,65.67,480.5,0,70.6
2026-09-14T23:00:00Z,-69.86844,164.56064,0.909,0.1378,345.3,-3.4669,0.9816,3.6031,285.8,-0.0341,0.0342,0.0482,315.1,547.3,65.67,481.6,0,71.4
2026-09-15T00:00:00Z,-69.86319,164.55664,0.6035,0.1267,345.3,-3.4669,0.9816,3.6031,285.8,-0.0341,0.0342,0.0482,315.1,547.3,65.67,481.6,0,71.8
